age,years_experience,department,city,salary,performance_score
49,27,Finance,Chicago,111024,5.0
31,12,Engineering,New York,83649,2.5
53,33,Operations,Austin,115802,4.2
34,10,HR,New York,73877,2.7
30,6,Engineering,Chicago,56858,3.4
53,35,Engineering,New York,153995,4.2
47,28,Sales,Denver,117544,3.5
49,30,Engineering,Chicago,131327,4.5
61,40,Engineering,New York,173246,5.0
37,17,Finance,Seattle,88314,4.7
55,33,Engineering,San Francisco,145331,4.3
35,16,Sales,Denver,78950,3.6
44,23,Engineering,Denver,104895,3.6
45,27,Finance,Austin,116933,5.0
30,9,Operations,San Francisco,60083,4.3
29,9,Marketing,Chicago,67557,2.7
31,10,Sales,Austin,64187,1.7
48,29,Sales,Austin,117860,5.0
46,27,Marketing,Chicago,98929,2.8
59,39,Sales,Chicago,139622,3.5
50,28,Finance,Denver,116025,3.9
31,13,Engineering,Austin,83884,5.0
58,35,HR,New York,129389,5.0
59,35,HR,Chicago,105422,4.5
51,27,Engineering,San Francisco,135210,4.8
48,25,Engineering,Seattle,121551,4.0
27,9,Finance,Austin,62069,4.3
25,7,Engineering,San Francisco,72741,2.9
32,8,Sales,Seattle,66660,4.6
39,21,Sales,San Francisco,109662,4.4
24,1,Marketing,New York,43656,2.5
57,35,Operations,Seattle,121728,3.3
40,18,Sales,New York,94263,4.7
49,30,Finance,Denver,124316,4.8
30,6,Marketing,New York,57044,2.5
35,15,Engineering,New York,93703,3.0
26,5,Finance,Seattle,50923,2.8
51,30,HR,Seattle,110486,4.1
52,34,Sales,San Francisco,138180,4.5
30,6,Sales,Chicago,55072,3.2
50,31,Finance,New York,142758,4.5
25,7,Finance,San Francisco,66106,2.8
37,17,Engineering,Seattle,98057,5.0
28,8,HR,New York,57055,3.1
51,27,Operations,New York,112497,3.7
35,12,Finance,Seattle,86084,3.9
40,20,Engineering,Seattle,97730,3.2
40,18,Operations,San Francisco,90059,4.2
41,17,Finance,New York,80037,3.9
32,12,Engineering,San Francisco,89459,4.3
44,20,HR,Austin,93671,3.2
54,33,Marketing,San Francisco,127762,3.1
41,22,Engineering,Austin,108274,4.9
29,11,Engineering,Denver,76131,3.3
22,1,Engineering,San Francisco,49216,4.3
27,7,Finance,Denver,56042,3.8
25,6,Engineering,Chicago,51868,2.9
25,3,Engineering,Austin,44931,3.3
26,2,Engineering,San Francisco,56303,2.1
45,27,Marketing,Chicago,108778,3.5
54,30,Engineering,Seattle,137841,4.4
56,35,Engineering,New York,156133,4.8
48,26,HR,Chicago,94608,2.9
46,27,HR,San Francisco,116082,4.9
35,17,Engineering,Chicago,92609,4.2
59,40,Operations,New York,144029,5.0
47,27,Sales,Chicago,98667,3.1
50,30,Engineering,Seattle,135678,4.9
51,30,Finance,San Francisco,130925,4.0
56,37,Marketing,New York,148184,4.4
50,31,Marketing,San Francisco,130829,5.0
59,40,Operations,Seattle,145235,5.0
43,24,Sales,Chicago,95896,4.6
43,24,Marketing,Denver,87403,4.9
32,13,Engineering,New York,83660,4.5
59,36,Finance,San Francisco,156715,4.0
44,20,Finance,Denver,89140,3.2
41,19,Sales,New York,100519,4.2
34,14,Engineering,San Francisco,100563,4.1
32,9,Sales,Chicago,59058,2.9
47,26,Engineering,San Francisco,136258,4.6
40,17,Marketing,Seattle,74634,3.2
44,25,Engineering,Denver,107043,4.0
48,25,Engineering,New York,122185,4.2
57,37,Sales,New York,142541,5.0
35,16,Marketing,Austin,70991,4.3
49,26,Engineering,Chicago,116502,4.1
58,38,Operations,San Francisco,145546,5.0
40,20,Engineering,San Francisco,116822,3.4
32,12,Sales,New York,80742,4.2
33,11,Engineering,Seattle,72926,4.0
35,12,Operations,Denver,70691,3.2
47,27,HR,New York,111146,5.0
32,10,Engineering,San Francisco,76343,3.5
55,37,HR,New York,135291,4.7
36,14,Marketing,San Francisco,83421,3.5
24,0,Sales,San Francisco,52869,3.4
22,0,Operations,Austin,40052,3.2
23,5,Finance,New York,64470,2.9
47,28,Engineering,Denver,130171,4.9
35,12,Operations,Chicago,78269,4.5
33,14,Marketing,New York,84224,5.0
46,27,Finance,New York,125521,4.9
24,2,Sales,Chicago,42365,3.0
43,24,Sales,Austin,103619,3.8
46,23,Engineering,San Francisco,125213,4.8
23,0,Finance,Chicago,30870,4.2
29,11,Marketing,Chicago,65384,5.0
37,13,Finance,Chicago,86249,3.6
34,10,Sales,Denver,65537,2.9
60,39,Finance,San Francisco,167984,4.4
39,20,Engineering,San Francisco,112717,4.5
47,29,Operations,New York,127126,5.0
28,8,Finance,New York,73427,3.0
54,30,Sales,Seattle,120672,3.8
30,8,Marketing,San Francisco,66768,2.1
52,31,Engineering,San Francisco,149736,5.0
40,16,Marketing,Chicago,86339,2.8
38,15,Operations,San Francisco,82836,4.3
41,23,Finance,San Francisco,111702,4.1
43,19,Finance,Austin,81537,2.5
32,11,Finance,Chicago,72623,2.8
26,7,Engineering,Chicago,53922,4.2
33,10,Engineering,San Francisco,77986,3.6
61,40,Finance,Austin,148083,4.9
33,12,Engineering,New York,80457,4.6
48,27,Sales,Seattle,118112,4.4
32,10,Engineering,San Francisco,77718,3.7
55,32,Engineering,New York,148132,4.8
41,18,Finance,San Francisco,98392,4.0
44,24,HR,New York,99428,5.0
30,8,Operations,New York,69547,3.1
46,26,HR,Denver,97006,5.0
41,23,Finance,Chicago,97534,5.0
50,30,HR,San Francisco,117849,4.2
31,7,HR,Austin,49257,3.8
46,22,Marketing,Austin,96754,3.3
55,36,Marketing,San Francisco,137100,4.9
40,21,Finance,Austin,93916,5.0
29,9,Finance,San Francisco,80183,4.3
24,0,Engineering,New York,44339,2.8
56,33,HR,Denver,110053,5.0
42,23,Sales,Austin,102094,4.6
29,9,Marketing,New York,66963,3.6
33,11,Sales,Austin,65412,3.7
52,31,Engineering,Chicago,136997,5.0
36,18,HR,New York,98965,1.9
46,24,Marketing,San Francisco,113089,3.8
54,31,Engineering,New York,147697,5.0
30,10,Sales,San Francisco,76525,3.5
56,35,Sales,San Francisco,141802,5.0
52,33,Engineering,Denver,145717,5.0
35,11,Marketing,Denver,58919,3.4
31,10,Sales,San Francisco,72864,3.6
35,17,Finance,San Francisco,106409,3.3
25,6,Finance,New York,60479,3.4
39,19,Finance,New York,95495,4.6
46,26,Sales,Austin,108778,5.0
52,29,Marketing,Seattle,120628,4.9
43,24,Engineering,San Francisco,133930,4.1
26,6,Sales,Austin,64963,3.1
47,29,Engineering,San Francisco,129459,3.2
25,5,HR,New York,57406,3.2
28,4,Sales,Denver,44045,2.5
60,39,Sales,Denver,139394,4.5
31,8,Sales,San Francisco,66886,3.2
45,24,Operations,San Francisco,107353,4.3
49,25,Finance,Chicago,110444,4.4
54,30,HR,San Francisco,118649,4.6
25,5,Engineering,Seattle,54520,2.4
55,32,Engineering,San Francisco,151362,4.3
57,38,Engineering,San Francisco,164521,5.0
49,29,Operations,New York,111763,4.4
39,15,Marketing,New York,83358,4.1
32,10,Sales,Austin,68416,3.6
46,27,Marketing,Seattle,100566,5.0
48,29,Finance,San Francisco,133220,5.0
34,13,HR,New York,83351,5.0
49,27,Marketing,New York,115425,4.1
29,7,Finance,Austin,55576,4.0
32,14,Engineering,New York,92170,2.8
22,3,Engineering,New York,64465,3.8
33,12,Operations,New York,74794,4.0
30,9,HR,New York,63839,3.2
54,30,Sales,New York,129727,5.0
56,33,Sales,Denver,120416,4.9
56,33,Engineering,New York,146712,3.5
60,38,Engineering,Denver,158010,5.0
47,26,Sales,Chicago,101109,4.5
39,19,Engineering,New York,104939,4.7
45,27,HR,Austin,105559,3.9
37,18,Marketing,San Francisco,95855,3.4
40,22,Sales,San Francisco,114235,3.3
33,12,HR,San Francisco,68085,2.9
49,28,Engineering,Chicago,116975,5.0
60,39,Engineering,New York,164984,5.0
28,10,Engineering,Chicago,67630,2.3
24,5,HR,New York,48641,3.3
37,19,Engineering,Austin,98506,4.0
38,18,Engineering,Denver,88516,3.4
38,19,Finance,Austin,90016,4.2
28,8,Finance,New York,70155,2.9
28,6,Engineering,San Francisco,67461,4.1
31,13,Sales,Austin,66041,3.5
45,24,Sales,New York,108812,4.4
53,29,HR,Chicago,96193,1.8
40,22,Finance,Chicago,106870,3.7
30,7,Operations,Seattle,57268,3.4
39,17,Operations,Chicago,76014,3.3
44,22,Engineering,New York,112390,3.9
59,37,Sales,San Francisco,147227,4.1
36,17,Marketing,Austin,81630,4.5
31,9,Operations,Seattle,63672,2.6
42,21,Engineering,New York,107309,3.8
24,0,Engineering,Denver,40584,4.1
35,15,Engineering,Chicago,83709,4.6
28,4,Finance,Denver,36981,3.1
33,14,Finance,Austin,66868,2.7
27,8,Engineering,Seattle,62249,1.9
33,14,Engineering,Chicago,74763,4.0
36,16,Finance,Austin,75514,3.9
25,3,Marketing,Chicago,39521,2.9
35,14,Engineering,San Francisco,95294,3.4
41,21,Marketing,San Francisco,108696,5.0
25,7,Sales,Seattle,62401,4.0
57,35,Finance,New York,149221,4.7
57,37,HR,Austin,126916,4.6
59,35,Engineering,New York,167282,4.4
26,5,Finance,San Francisco,70059,3.5
23,0,Finance,Denver,37945,2.7
60,37,Engineering,Denver,149850,4.9
58,34,Finance,Austin,130574,4.3
54,30,Sales,New York,127803,5.0
26,2,Engineering,San Francisco,62189,3.2
48,29,Marketing,New York,120978,3.5
51,28,Finance,Seattle,120672,5.0
33,14,Operations,Austin,74110,3.9
57,36,HR,Seattle,123468,4.4
52,33,Engineering,San Francisco,150012,3.7
28,9,Finance,Chicago,52793,3.5
45,25,Marketing,New York,112135,3.7
35,17,Finance,New York,92433,5.0
53,29,HR,Chicago,108003,4.8
37,17,Engineering,Austin,87824,3.4
56,34,Finance,Seattle,141079,3.3
35,17,Engineering,Chicago,87188,4.4
48,30,Sales,New York,134554,3.2
42,24,Engineering,Denver,116774,4.6
38,20,Operations,Seattle,90368,4.1
22,2,Marketing,San Francisco,62148,1.0
61,40,Finance,Seattle,151638,4.8
38,18,Sales,Seattle,93479,5.0
35,14,Sales,New York,80887,3.0
57,33,Engineering,New York,149375,2.9
22,3,Engineering,Austin,45001,1.8
25,7,Sales,San Francisco,71331,3.3
40,17,HR,Austin,67167,4.0
41,19,Engineering,San Francisco,106991,4.6
56,37,Operations,Chicago,131768,5.0
41,23,Engineering,Seattle,103374,3.4
50,32,Operations,Chicago,111900,4.2
53,30,HR,San Francisco,110713,4.3
32,14,HR,Denver,52970,3.5
60,40,Finance,New York,163985,4.0
59,35,Finance,New York,145159,5.0
50,30,Operations,New York,124665,5.0
23,4,Engineering,Seattle,46042,3.1
32,11,Finance,New York,80512,3.6
27,5,Engineering,Chicago,60652,2.2
48,25,Sales,Chicago,93259,4.4
23,5,Finance,Chicago,54648,2.6
35,14,Marketing,San Francisco,88535,3.0
22,1,Marketing,San Francisco,53582,3.6
52,33,Engineering,Chicago,147242,4.7
37,17,Finance,New York,99339,3.4
49,26,Engineering,San Francisco,127705,3.0
28,9,Marketing,San Francisco,68692,3.4
61,40,Operations,San Francisco,144390,5.0
39,17,Sales,Seattle,96041,4.1
56,32,Finance,San Francisco,141431,4.8
61,37,Sales,Austin,139755,5.0
23,1,Marketing,Chicago,38894,4.7
60,40,Engineering,New York,175304,5.0
33,15,Engineering,San Francisco,99728,4.6
59,40,Engineering,Seattle,174368,5.0
56,32,Finance,San Francisco,151434,5.0
25,4,Engineering,New York,57142,3.6
46,22,Engineering,New York,110106,5.0
25,3,Marketing,San Francisco,57283,2.8
35,16,Sales,New York,89009,4.1
57,35,Marketing,Chicago,126058,5.0
24,0,Engineering,San Francisco,55298,3.0
45,22,Engineering,Austin,104850,3.7
52,32,Marketing,Seattle,123265,5.0
48,26,Engineering,New York,128566,4.0
22,0,Engineering,Chicago,42879,1.8
49,25,Engineering,San Francisco,126225,4.9
25,4,Operations,New York,62867,2.1
54,31,Marketing,Chicago,124634,5.0
61,40,Finance,San Francisco,164194,3.1
60,37,Operations,Chicago,132422,4.9
53,33,Operations,Denver,116506,5.0
35,15,Finance,New York,90163,3.6
56,33,Operations,New York,135999,5.0
45,26,Marketing,Austin,109717,4.0
41,18,Sales,Austin,84104,3.4
45,22,Engineering,San Francisco,122058,3.9
28,5,Sales,Seattle,53158,4.1
26,5,Marketing,Chicago,42939,4.3
43,20,Sales,Austin,96336,5.0
44,26,Operations,San Francisco,112271,5.0
39,20,Engineering,Chicago,108397,4.0
49,28,Operations,Chicago,104842,2.9
28,10,Marketing,New York,73926,3.0
39,20,Sales,New York,99480,5.0
28,8,Engineering,Austin,64394,2.2
38,18,Engineering,Chicago,89778,4.3
32,12,Engineering,Seattle,79862,4.0
50,31,Engineering,San Francisco,138539,3.3
59,39,Engineering,Chicago,150173,5.0
50,27,HR,San Francisco,104312,4.1
61,40,Engineering,San Francisco,172317,5.0
26,8,Engineering,San Francisco,75025,3.4
50,31,Marketing,Chicago,114052,4.4
33,15,Sales,San Francisco,95807,3.1
50,26,Sales,Chicago,118256,2.7
41,18,Engineering,New York,91389,5.0
51,31,Sales,Chicago,126173,3.9
26,4,Sales,Denver,50679,3.0
42,23,Operations,Denver,87107,3.9
38,19,Operations,Chicago,83306,3.7
29,9,Sales,Denver,49118,2.9
30,12,Operations,Austin,65718,4.1
57,36,Marketing,Austin,136375,4.8
48,28,Engineering,Denver,116801,4.0
57,36,Operations,Chicago,119807,4.4
46,24,Sales,Denver,98852,4.6
50,31,Sales,Austin,123133,3.9
57,35,Finance,Denver,136175,5.0
59,38,Engineering,New York,163385,5.0
24,0,Sales,Austin,41612,3.9
61,37,Engineering,San Francisco,162974,5.0
45,21,Engineering,New York,125121,2.8
42,24,Sales,New York,116629,4.8
55,35,Operations,Austin,121976,5.0
52,29,Finance,New York,126574,5.0
33,15,Sales,San Francisco,86791,3.4
46,27,Sales,San Francisco,117432,4.1
47,27,Sales,Austin,107457,5.0
26,6,Engineering,New York,68178,2.7
23,4,HR,New York,49695,4.2
34,10,Sales,New York,74341,3.9
50,29,Sales,Denver,111416,2.6
24,3,Engineering,New York,51767,2.9
52,31,Operations,San Francisco,130375,4.3
57,33,Marketing,New York,132166,3.7
37,13,Operations,Chicago,69729,2.2
22,4,Engineering,Denver,44827,3.3
49,26,Engineering,New York,124736,3.5
43,22,Marketing,San Francisco,105397,3.6
52,30,Sales,New York,118523,3.8
29,11,HR,Austin,64758,3.4
37,16,Marketing,New York,81427,4.3
27,6,HR,Chicago,50557,4.0
26,2,Finance,Seattle,52277,3.6
28,5,Engineering,Austin,52427,3.0
42,20,Operations,Austin,82360,3.9
57,39,Engineering,New York,165200,5.0
30,10,Sales,San Francisco,77080,4.5
41,22,Marketing,Austin,87458,4.1
48,29,HR,Austin,103084,3.5
35,12,Sales,San Francisco,86484,3.9
22,1,Engineering,Austin,31642,3.6
61,38,Engineering,San Francisco,164791,4.6
49,28,Finance,Denver,116914,5.0
43,22,Engineering,Chicago,100152,3.8
35,17,Finance,San Francisco,93611,3.9
34,12,Finance,New York,75285,3.9
34,13,Operations,New York,82163,5.0
36,17,Operations,Seattle,72519,3.0
46,24,Engineering,Denver,109289,4.7
49,28,HR,New York,108857,5.0
52,33,Sales,San Francisco,136569,4.6
26,2,Engineering,New York,49143,4.0
34,10,Sales,Austin,64456,3.0
52,31,Engineering,New York,141072,3.7
49,31,Operations,San Francisco,119091,3.6
57,39,Engineering,San Francisco,184682,4.4
27,3,HR,Chicago,48624,2.3
41,17,Finance,New York,90181,4.3
30,8,Marketing,Austin,54202,3.5
39,16,Engineering,Chicago,88951,2.7
52,34,Sales,San Francisco,146242,5.0
27,9,Operations,San Francisco,70152,3.7
42,22,HR,New York,99842,2.8
38,18,Engineering,New York,104029,2.5
23,3,Sales,New York,60552,3.2
52,33,Operations,New York,122431,5.0
54,36,Engineering,Austin,146408,4.6
38,14,Marketing,Austin,74180,4.5
25,4,Finance,San Francisco,62667,4.6
46,24,Engineering,San Francisco,125024,4.8
61,40,Sales,Denver,145963,4.8
23,0,Operations,Chicago,40295,2.0
37,18,Marketing,Seattle,88378,3.4
30,9,HR,Austin,52197,4.6
60,40,Finance,San Francisco,168285,5.0
30,6,Engineering,Seattle,65915,2.5
57,35,Engineering,Austin,143989,4.5
61,40,Marketing,New York,146423,4.9
53,35,Sales,Denver,121174,5.0
23,4,Engineering,San Francisco,62972,2.8
26,7,Engineering,Austin,58629,4.9
30,7,HR,San Francisco,56691,3.6
59,35,Finance,Austin,138513,5.0
23,1,HR,San Francisco,50471,2.2
48,25,Engineering,San Francisco,126297,4.6
47,23,Marketing,Seattle,105599,4.4
35,16,Engineering,Chicago,89319,4.4
48,28,HR,Chicago,104287,3.9
22,3,Marketing,San Francisco,55790,3.4
35,17,Engineering,Chicago,96813,2.7
53,35,HR,Chicago,111812,4.0
23,2,Engineering,Denver,44870,5.0
46,27,Operations,Chicago,93563,4.0
39,21,Sales,San Francisco,106161,3.5
57,35,Finance,Austin,133441,5.0
28,9,Marketing,San Francisco,65139,3.3
59,40,Sales,New York,155295,5.0
39,20,Sales,New York,100394,4.1
46,25,Operations,Austin,99829,4.9
36,17,HR,Austin,76388,3.7
51,32,Operations,San Francisco,127286,5.0
30,10,Engineering,Austin,69023,3.6
50,29,Marketing,San Francisco,121650,5.0
55,34,Sales,San Francisco,139810,4.2
44,23,Engineering,San Francisco,133394,4.6
49,26,Marketing,New York,106910,4.9
41,18,Operations,San Francisco,85210,3.0
40,22,Finance,Austin,96633,3.7
40,19,Marketing,New York,91154,3.3
37,19,Sales,San Francisco,102600,2.6
57,35,Marketing,Seattle,136084,5.0
26,6,Engineering,Austin,62575,1.0
60,37,Engineering,San Francisco,164639,3.8
46,26,Marketing,New York,115742,3.4
34,10,Marketing,San Francisco,84464,3.7
42,24,Engineering,New York,125395,4.1
44,24,Sales,Denver,104759,5.0
58,35,Operations,Austin,116500,5.0
55,34,Engineering,New York,157950,4.8
60,40,Engineering,Austin,167290,4.2
26,2,Marketing,Austin,37113,3.7
54,30,Sales,San Francisco,129200,3.9
61,40,Marketing,Austin,141387,4.7
56,34,Engineering,Seattle,145037,4.7
33,12,Finance,New York,86298,4.8
41,23,Sales,New York,112520,5.0
51,30,Engineering,Austin,133521,5.0
36,12,Marketing,Austin,67703,3.2
34,14,Marketing,Chicago,71273,4.5
41,20,Sales,Chicago,91628,5.0
56,32,Engineering,Seattle,148883,3.9
43,20,HR,Denver,73399,4.2
40,17,Marketing,Chicago,80672,3.3
54,31,Sales,San Francisco,132834,4.1
25,5,Finance,San Francisco,60194,3.4
28,8,Sales,New York,61699,3.6
32,8,Sales,New York,67055,2.8
46,25,Engineering,Seattle,112808,4.3
35,16,Sales,New York,90245,2.8
58,40,Sales,Chicago,140692,4.9
39,21,HR,Austin,79797,4.2
30,12,Engineering,New York,84635,3.3
41,20,Marketing,New York,92782,2.8
33,13,Engineering,San Francisco,87038,3.1
60,40,Finance,Chicago,157954,5.0
55,31,Engineering,San Francisco,143009,5.0
51,27,Sales,New York,105017,5.0
48,25,Engineering,San Francisco,129643,5.0
22,0,Finance,Chicago,31741,4.4
60,37,HR,Austin,116719,4.5
47,23,Operations,Denver,97371,5.0
47,27,Finance,San Francisco,127224,3.7
44,22,Engineering,San Francisco,122836,5.0
59,35,Finance,Denver,128580,5.0
36,14,Finance,Chicago,71944,2.9
55,34,HR,San Francisco,122203,5.0
59,40,Finance,Denver,153547,5.0
48,26,Engineering,San Francisco,127763,3.7
57,36,Operations,New York,122656,5.0
29,5,Engineering,Austin,57286,4.0
26,7,HR,San Francisco,62973,4.9
30,11,Engineering,San Francisco,84675,3.1
27,9,Engineering,San Francisco,81815,4.7
56,37,Engineering,Chicago,163398,4.1
37,19,Engineering,San Francisco,109042,3.3
35,14,Sales,San Francisco,94586,4.8
52,28,Engineering,Austin,118423,5.0
49,28,HR,Austin,101688,3.8
61,40,Finance,Seattle,159371,5.0
39,17,HR,Austin,64926,4.3
23,0,Marketing,New York,41878,3.2
40,22,Engineering,Austin,102931,3.9
25,1,Engineering,New York,52471,1.0
22,3,Engineering,San Francisco,56743,3.2
36,17,Engineering,Chicago,87851,4.7
54,35,Engineering,New York,152805,4.7
28,8,Engineering,San Francisco,77159,4.0
34,13,HR,Seattle,71796,3.6
45,25,Finance,New York,118343,5.0
35,13,Marketing,New York,78181,1.3
29,5,Sales,Chicago,53447,3.7
24,3,Engineering,Austin,43699,2.4
52,28,Marketing,San Francisco,119789,4.6
46,22,Engineering,San Francisco,118768,4.7
38,17,HR,San Francisco,90114,4.8
53,33,Operations,New York,130427,5.0
38,18,Marketing,Austin,84728,4.9
42,21,Engineering,New York,105930,3.3
54,34,Finance,Austin,140821,4.8
41,23,Sales,San Francisco,116568,2.4
45,24,Operations,New York,110509,4.5
52,31,Engineering,Austin,139382,3.2
42,22,Finance,San Francisco,105603,5.0
25,1,Finance,San Francisco,52462,3.2
23,0,Engineering,Chicago,41228,2.8
43,19,HR,San Francisco,97114,3.4
31,12,Engineering,New York,84313,3.8
51,33,Finance,New York,142824,4.2
40,19,HR,San Francisco,87576,2.8
36,12,Marketing,San Francisco,82327,3.9
55,35,Marketing,Chicago,114426,4.1
57,36,Operations,Chicago,121746,5.0
23,0,Engineering,San Francisco,55179,2.2
40,17,Marketing,San Francisco,86860,2.9
42,24,Sales,Denver,104748,5.0
26,7,Engineering,San Francisco,82098,3.8
59,35,Engineering,San Francisco,162393,5.0
61,40,Sales,Chicago,139805,4.8
61,38,HR,New York,130493,4.9
40,16,HR,New York,77368,3.8
26,3,Sales,New York,58969,4.7
52,31,Finance,New York,130997,5.0
51,30,Marketing,Austin,114380,4.6
25,6,HR,Denver,43458,3.3
46,23,Finance,San Francisco,119273,4.2
54,35,Sales,Chicago,122405,5.0
23,5,HR,Austin,49085,3.3
28,8,Finance,San Francisco,69832,3.5
49,25,Engineering,Seattle,126664,5.0
26,7,Engineering,New York,67307,4.2
42,24,Engineering,New York,121624,4.9
33,14,Finance,New York,93343,5.0
23,4,Sales,New York,52350,3.1
38,16,Engineering,San Francisco,94198,2.9
40,19,Marketing,Austin,85571,2.7
41,17,Finance,Seattle,87116,3.8
23,3,HR,New York,62501,3.4
39,17,Marketing,Austin,81543,4.7
41,22,Operations,Austin,91855,3.0
23,2,Marketing,Chicago,40662,2.0
24,4,Sales,Seattle,38036,3.0
45,26,HR,Chicago,102180,4.1
24,0,Engineering,San Francisco,49690,1.9
51,33,Engineering,Austin,131231,4.5
42,19,Finance,Seattle,92478,4.5
61,38,HR,New York,132628,4.7
60,38,Finance,Austin,153703,5.0
44,20,Engineering,San Francisco,114448,4.6
52,34,Marketing,Austin,125079,4.0
59,35,Engineering,Austin,149267,4.6
31,10,HR,Austin,56243,2.3
60,40,Operations,San Francisco,141908,5.0
52,28,Engineering,New York,134816,4.2
30,12,Sales,New York,72013,3.3
24,1,HR,San Francisco,52656,3.6
24,3,HR,Denver,45318,2.9
59,40,Sales,Denver,128365,4.4
28,7,Engineering,Denver,55957,3.3
22,0,Marketing,Austin,36840,3.8
51,30,Sales,San Francisco,129437,5.0
50,30,Engineering,Chicago,139738,3.4
32,9,Marketing,San Francisco,65758,2.1
35,17,Sales,New York,101547,4.2
26,2,Sales,New York,55866,2.8
35,15,Engineering,New York,106520,3.3
59,38,Marketing,New York,140323,5.0
41,23,Engineering,San Francisco,123902,4.5
49,26,Operations,San Francisco,111335,3.9
38,18,Marketing,Denver,82734,4.4
60,40,Finance,San Francisco,160715,4.4
33,10,HR,New York,65752,3.0
35,16,Engineering,Chicago,86328,5.0
48,30,HR,New York,117899,4.3
29,10,HR,San Francisco,66113,3.9
22,0,Marketing,Chicago,35485,2.8
27,7,HR,Chicago,49759,3.1
46,28,Sales,New York,122124,3.5
59,35,Engineering,New York,160687,3.8
40,18,Sales,New York,86898,4.9
28,9,Finance,New York,67944,5.0
58,34,Marketing,Seattle,126360,5.0
54,31,Marketing,Austin,110520,5.0
53,35,HR,Seattle,128981,4.3
30,11,Engineering,San Francisco,92974,3.5
28,9,Engineering,Austin,69999,4.7
56,37,Marketing,New York,142174,5.0
61,38,Finance,San Francisco,153778,5.0
24,4,HR,San Francisco,54225,3.5
27,9,Sales,Denver,60814,4.4
37,16,Finance,Seattle,96530,3.9
59,40,Sales,San Francisco,153279,4.4
38,14,Engineering,Seattle,88237,3.0
30,8,HR,New York,73142,3.2
61,39,Operations,San Francisco,151389,4.6
38,17,Engineering,Denver,83121,1.9
57,37,Marketing,Denver,128913,3.4
40,19,Marketing,San Francisco,101298,4.6
37,18,Finance,Chicago,80472,4.7
26,8,Sales,New York,65605,4.1
38,17,Sales,Seattle,88579,3.7
47,23,Sales,Austin,95701,3.6
50,27,Engineering,Seattle,129982,4.3
22,0,Marketing,Denver,33021,3.3
47,26,Engineering,Austin,110558,3.9
45,26,Sales,New York,108855,5.0
57,38,Marketing,Seattle,127138,4.3
55,36,HR,Denver,109165,2.9
49,29,Marketing,Seattle,118247,5.0
45,24,Sales,San Francisco,114239,4.9
42,21,Marketing,San Francisco,104825,3.9
55,32,Engineering,Seattle,149316,5.0
58,34,Sales,Austin,121276,5.0
30,11,Marketing,Austin,62791,1.5
35,11,Marketing,Austin,65912,3.9
41,18,Engineering,New York,111438,2.9
36,18,Finance,New York,99950,4.5
29,10,Engineering,Chicago,67346,3.7
36,18,Operations,Chicago,81031,4.6
47,24,Operations,San Francisco,102209,4.0
41,22,Sales,San Francisco,97603,3.6
43,24,Engineering,Chicago,114148,4.4
23,5,Marketing,Denver,45097,5.0
48,27,HR,Austin,100749,4.7
40,19,Marketing,New York,88260,3.1
60,40,HR,Chicago,122195,5.0
34,10,Sales,New York,76805,3.3
42,24,Marketing,Austin,98765,5.0
31,8,Sales,New York,72499,3.5
42,22,Engineering,New York,112090,3.9
31,11,Engineering,San Francisco,84473,3.7
26,8,HR,Denver,56215,2.8
53,35,Sales,New York,143145,5.0
42,20,Finance,Seattle,100014,3.1
37,15,Finance,Denver,79325,3.4
31,8,Engineering,Denver,59309,3.6
61,38,Engineering,Denver,152755,3.8
43,19,Engineering,New York,105823,2.9
38,14,Engineering,Denver,80767,3.1
53,30,Engineering,Seattle,129754,5.0
49,25,Marketing,New York,109004,5.0
34,13,Sales,Chicago,65675,3.7
34,11,Engineering,Austin,72105,4.4
47,23,Finance,San Francisco,114473,4.9
55,34,Engineering,Seattle,149733,4.2
36,17,Operations,Chicago,75667,3.0
30,10,Engineering,Chicago,67025,4.5
34,11,Engineering,Seattle,69899,3.1
33,13,Engineering,Denver,82104,4.2
45,26,Engineering,Chicago,110869,3.1
33,10,Engineering,New York,68204,3.5
60,37,Operations,Austin,127045,3.9
27,5,Engineering,Seattle,60982,3.8
36,17,Operations,New York,86323,4.5
52,28,Sales,San Francisco,121236,4.8
29,5,Engineering,New York,56281,3.9
39,16,Sales,San Francisco,100684,3.4
44,23,Sales,New York,98154,4.5
27,8,Finance,Denver,69064,3.9
45,22,Operations,San Francisco,93656,3.4
43,25,Marketing,San Francisco,106726,4.8
50,26,Marketing,San Francisco,113130,4.6
41,23,Finance,Austin,101236,4.6
52,29,Engineering,San Francisco,142432,4.3
42,24,Sales,Denver,93069,4.2
45,24,Finance,Seattle,109613,4.6
50,30,Engineering,Denver,120145,4.6
50,32,Engineering,San Francisco,155315,5.0
24,0,Finance,San Francisco,47857,2.0
37,18,Marketing,Chicago,77587,4.7
41,21,Engineering,San Francisco,115142,3.4
46,23,Sales,San Francisco,114360,5.0
24,6,Engineering,Chicago,57042,2.2
24,3,Engineering,San Francisco,55284,2.7
61,38,Marketing,Chicago,132276,5.0
25,4,Engineering,Austin,51748,3.6
48,27,Sales,San Francisco,122557,4.0
32,8,HR,San Francisco,66052,2.7
28,7,HR,New York,65778,3.9
33,11,Engineering,New York,75460,4.4
58,36,Engineering,New York,159784,4.1
40,22,Engineering,New York,111334,3.2
28,10,Sales,Seattle,69257,3.0
22,0,Engineering,Chicago,33784,2.9
36,15,Sales,New York,89506,2.4
57,38,Engineering,New York,163486,4.1
23,3,Marketing,New York,60228,3.7
41,20,Sales,Seattle,90589,3.4
36,17,Sales,New York,96555,3.2
28,6,Engineering,New York,61274,4.6
51,33,Engineering,San Francisco,140486,5.0
41,20,Finance,Chicago,89300,5.0
26,5,Engineering,Austin,57782,3.3
61,40,Engineering,Seattle,168803,4.9
53,35,Sales,Seattle,137103,4.4
41,21,Marketing,San Francisco,100339,2.9
39,21,Operations,Chicago,88375,2.4
45,23,Engineering,Denver,101680,4.1
54,32,Operations,Chicago,121485,4.0
26,4,Sales,Seattle,61315,3.8
28,6,Engineering,Seattle,63877,4.1
28,7,Operations,New York,60600,2.2
58,34,Engineering,Chicago,139878,3.6
40,19,Engineering,New York,109405,4.2
51,27,Engineering,New York,133112,5.0
29,11,Operations,New York,68566,4.9
23,2,Engineering,San Francisco,59936,2.6
35,17,Engineering,Austin,95483,4.0
41,18,Sales,Denver,85093,5.0
35,12,Operations,Denver,65564,3.0
24,5,Operations,San Francisco,63162,2.5
40,18,Finance,Chicago,88881,5.0
50,29,Sales,Austin,112760,3.9
32,8,Finance,New York,67104,2.5
36,12,Operations,Denver,69833,5.0
49,30,Finance,San Francisco,128686,4.2
52,34,HR,San Francisco,127262,4.4
34,13,Sales,Denver,73622,4.2
57,34,Engineering,Denver,152953,5.0
49,25,Sales,Chicago,101116,5.0
29,10,HR,San Francisco,79605,3.8
31,11,Engineering,New York,88023,4.0
54,36,Engineering,New York,164540,5.0
44,22,Sales,Austin,105317,4.4
37,16,Sales,Seattle,77068,2.5
53,32,Engineering,San Francisco,155326,4.9
37,13,Finance,Denver,72325,2.6
45,25,Finance,New York,121557,3.7
48,28,Operations,Austin,104310,4.6
29,6,Engineering,New York,62054,3.3
60,40,Engineering,San Francisco,166164,5.0
46,24,Sales,Denver,100599,4.3
49,29,Finance,Chicago,119672,4.9
40,20,Engineering,Chicago,93325,5.0
30,11,Engineering,New York,81205,2.7
46,23,Engineering,New York,113769,5.0
22,1,Sales,New York,45664,4.6
44,20,Sales,San Francisco,103795,3.7
26,8,Operations,New York,70267,3.2
29,5,Sales,Austin,41768,3.2
33,14,Sales,San Francisco,86633,4.2
56,37,Operations,Denver,126158,4.4
24,1,Marketing,Chicago,33432,2.8
35,15,Engineering,San Francisco,95547,3.8
24,5,Engineering,San Francisco,67447,3.4
38,20,Sales,New York,104377,5.0
59,37,Engineering,Seattle,153064,4.5
30,10,Marketing,Austin,55002,4.3
28,7,Marketing,Seattle,57516,4.1
48,24,Engineering,New York,119569,4.4
35,17,Engineering,Chicago,90044,4.1
42,23,Sales,New York,107679,3.6
60,40,Finance,New York,152345,4.5
25,1,Marketing,Austin,44155,3.4
43,24,Engineering,New York,113699,4.5
57,35,Engineering,Austin,149141,4.6
49,26,Marketing,Austin,105544,5.0
61,39,Operations,New York,141754,5.0
33,9,Operations,New York,69917,3.6
48,29,Finance,Seattle,128185,4.4
48,26,Engineering,Denver,112313,5.0
48,29,Finance,Seattle,122219,5.0
28,7,Engineering,Austin,70534,3.7
52,30,Operations,Chicago,116205,3.6
35,11,Sales,Seattle,78678,5.0
27,8,Sales,Austin,63179,2.4
58,39,Finance,Austin,142175,5.0
41,23,Engineering,New York,128324,3.3
51,33,Sales,New York,132563,3.5
36,15,Engineering,New York,93766,1.3
40,21,Marketing,New York,103380,4.2
23,4,Engineering,Chicago,46148,3.5
40,19,Sales,Chicago,93481,3.7
44,24,HR,San Francisco,91853,3.8
51,28,Marketing,San Francisco,126179,3.3
44,24,HR,New York,103599,4.2
37,19,Finance,New York,97321,3.7
25,5,Engineering,Austin,57878,2.0
39,15,Finance,New York,95974,3.4
51,31,Operations,Chicago,114626,4.3
44,23,Finance,San Francisco,120844,3.2
30,10,Finance,New York,74472,4.4
44,21,Engineering,Austin,108906,3.0
43,25,Marketing,Chicago,104786,5.0
40,18,Engineering,San Francisco,112690,4.8
47,27,Marketing,Austin,108800,4.0
46,28,Engineering,Chicago,116023,5.0
53,31,HR,New York,119358,5.0
27,4,Sales,Denver,38798,4.2
44,23,Sales,San Francisco,106352,4.3
51,31,Finance,Austin,126318,3.8
37,19,Marketing,San Francisco,98158,2.2
28,7,Engineering,New York,67163,3.6
42,18,Marketing,San Francisco,96388,3.8
54,32,Marketing,Chicago,119292,4.1
24,5,Sales,Chicago,50735,4.9
44,24,HR,New York,101050,4.6
25,2,Marketing,San Francisco,56409,1.9
59,40,Sales,San Francisco,158108,4.9
49,28,Operations,San Francisco,111444,4.8
38,18,Marketing,San Francisco,87028,2.9
52,32,Marketing,San Francisco,134878,4.8
48,25,Sales,New York,112794,4.0
52,29,Sales,Chicago,100917,3.3
24,2,Sales,New York,57349,3.4
44,22,Engineering,Seattle,116973,4.7
34,13,HR,New York,66440,1.6
34,14,Engineering,Denver,72191,4.1
28,5,Operations,New York,55670,2.8
40,20,Finance,New York,97740,3.7
48,29,Engineering,Chicago,123833,3.1
49,30,Engineering,San Francisco,142824,3.7
26,2,Sales,Chicago,46639,4.5
33,12,Sales,Denver,53355,4.2
41,21,Operations,Seattle,92735,3.9
24,2,Marketing,New York,56938,3.2
32,14,Marketing,New York,69089,3.0
36,18,Operations,San Francisco,93807,3.8
28,7,Finance,San Francisco,69233,2.7
26,4,Finance,New York,55080,3.4
54,33,Engineering,New York,153475,3.8
45,22,Marketing,Seattle,104228,4.3
31,12,Engineering,Chicago,79612,4.2
41,22,Engineering,New York,125681,3.8
25,4,Marketing,San Francisco,55917,3.4
50,26,Engineering,New York,117369,4.5
37,15,Marketing,Chicago,71381,3.3
39,17,Sales,New York,92050,2.7
30,6,Engineering,San Francisco,74281,4.2
48,30,Engineering,Denver,131092,4.6
50,32,Sales,San Francisco,130568,4.4
45,24,Sales,San Francisco,119575,5.0
46,24,Sales,New York,111935,3.6
54,34,Marketing,San Francisco,135844,4.3
59,35,Operations,Austin,119770,4.2
32,13,HR,Chicago,67991,2.8
56,36,Sales,New York,144102,4.7
27,4,Finance,New York,58330,2.7
34,10,Engineering,Denver,53797,4.6
50,28,HR,Seattle,101233,3.9
56,36,Engineering,Chicago,151422,5.0
49,27,Sales,Denver,113572,3.6
32,9,HR,San Francisco,75971,3.2
39,17,Operations,San Francisco,95748,3.9
56,36,Engineering,Austin,159103,4.1
35,17,Operations,New York,90624,4.4
27,5,Engineering,Seattle,65189,2.8
50,28,Finance,San Francisco,135531,3.9
59,37,Sales,Austin,136230,5.0
59,37,Engineering,Chicago,147991,4.3
44,25,Marketing,New York,101101,4.8
38,20,Finance,San Francisco,109662,4.9
40,21,Sales,Chicago,85781,4.7
24,6,Engineering,Seattle,61154,4.5
38,17,Engineering,Austin,94797,3.5
34,12,Finance,Denver,65841,4.6
37,18,HR,Seattle,88112,3.5
55,33,Sales,San Francisco,136965,3.4
28,5,Marketing,New York,54968,3.1
53,33,Marketing,New York,132484,5.0
47,25,Engineering,San Francisco,131829,3.5
58,35,Engineering,Austin,144930,5.0
36,18,Marketing,Denver,82612,2.8
34,10,Sales,Seattle,63553,4.2
57,33,Engineering,New York,150806,5.0
27,5,Engineering,Seattle,60238,2.9
26,3,Sales,Denver,37719,1.4
52,28,Sales,Denver,109124,5.0
40,16,Engineering,San Francisco,107501,4.3
39,21,Engineering,Austin,100480,4.5
45,27,Finance,San Francisco,121959,5.0
50,26,Finance,New York,114583,3.7
51,33,Engineering,Seattle,142303,5.0
35,14,Engineering,Seattle,81236,4.4
48,29,Engineering,New York,129311,3.8
31,7,Sales,New York,66054,5.0
39,21,Marketing,New York,101349,4.1
32,10,Marketing,Austin,58205,3.9
51,29,Finance,New York,130890,5.0
22,2,Marketing,Austin,47985,2.4
50,26,Finance,San Francisco,126809,3.6
52,31,Marketing,New York,125689,4.4
37,14,HR,San Francisco,85238,2.8
24,2,Marketing,New York,48914,3.0
39,21,Marketing,Chicago,94335,5.0
55,34,Sales,Seattle,142067,3.8
36,12,Operations,New York,72464,3.7
43,20,Operations,Austin,76203,3.6
53,33,Finance,New York,138473,5.0
61,40,Finance,San Francisco,160197,4.1
27,6,Sales,San Francisco,67212,2.4
25,4,Engineering,San Francisco,69027,3.1
54,31,Sales,Austin,122644,5.0
55,31,Sales,Chicago,127543,3.8
45,23,Operations,Seattle,100347,2.8
31,12,Engineering,San Francisco,88326,2.8
36,12,Engineering,San Francisco,78022,4.1
44,26,Operations,New York,111168,5.0
59,40,Sales,San Francisco,152189,4.9
23,5,Finance,Austin,50086,3.4
60,40,Finance,Denver,149063,3.9
53,30,Sales,San Francisco,137419,4.8
60,40,Engineering,Denver,164866,4.8
37,17,Engineering,New York,100694,3.3
26,7,HR,New York,55924,4.1
55,34,Operations,San Francisco,129028,5.0
41,20,Engineering,Chicago,98597,3.6
39,17,Finance,San Francisco,103774,4.0
58,40,Marketing,Austin,141236,3.4
46,28,Finance,San Francisco,133630,3.5
22,0,Sales,San Francisco,45641,4.0
53,30,Finance,New York,138527,3.6
33,10,Operations,New York,84922,2.7
42,20,Marketing,Chicago,80298,4.8
40,17,HR,Chicago,70387,2.0
30,8,Engineering,San Francisco,75721,2.8
33,9,Marketing,Denver,62849,4.0
41,19,Operations,Chicago,83798,3.5
44,23,Engineering,New York,119748,3.4
52,32,Engineering,Austin,145884,3.7
43,21,Engineering,San Francisco,110471,4.2
51,32,Sales,San Francisco,123851,3.8
55,36,Finance,New York,142998,5.0
31,11,Engineering,San Francisco,88720,3.4
31,7,Engineering,San Francisco,76952,3.3
24,6,Finance,San Francisco,65485,4.1
52,29,Sales,Seattle,111952,4.0
25,4,Operations,Austin,43213,2.4
41,19,Engineering,Chicago,98421,3.9
61,40,Engineering,Chicago,167013,5.0
60,40,Engineering,New York,168875,4.8
51,33,HR,Denver,105045,3.3
56,34,Marketing,Denver,115294,5.0
43,24,HR,San Francisco,100847,2.8
22,2,Sales,Austin,46604,1.5
28,4,HR,New York,56872,3.9
37,18,Engineering,San Francisco,107981,5.0
41,19,Marketing,Chicago,84932,3.7
32,11,Operations,Chicago,64009,2.9
52,33,Engineering,Denver,131357,5.0
41,19,Engineering,New York,100841,2.9
48,24,Sales,San Francisco,114645,4.2
61,37,Operations,San Francisco,139798,4.4
45,22,Operations,Chicago,94656,4.6
45,25,Finance,New York,118393,4.5
40,18,Operations,New York,85223,3.3
24,5,Engineering,Chicago,51509,4.1
23,0,Finance,Chicago,35689,3.6
51,31,Marketing,San Francisco,130153,4.5
41,23,Engineering,San Francisco,120974,3.9
30,8,Engineering,Chicago,64614,3.3
35,15,Marketing,Chicago,77300,2.7
40,18,Sales,San Francisco,100046,3.7
33,13,Sales,San Francisco,87205,3.4
47,27,Sales,New York,112950,4.8
60,40,Engineering,Denver,165975,4.8
58,35,Operations,Chicago,128787,4.4
34,12,Marketing,Seattle,77553,3.8
35,15,Engineering,New York,102434,4.5
61,38,Sales,San Francisco,152405,5.0
48,27,Sales,Seattle,111673,4.2
25,3,Sales,San Francisco,61211,2.8
23,0,HR,San Francisco,50443,4.1
41,20,Operations,New York,94502,4.0
24,0,Marketing,Chicago,45824,2.0
51,27,Engineering,Chicago,117575,4.5
39,18,Finance,San Francisco,108195,2.5
24,1,Engineering,San Francisco,51014,2.6
45,27,Marketing,Austin,97464,4.9
33,11,Sales,San Francisco,83393,3.4
33,10,Sales,Austin,65627,3.2
54,30,Engineering,New York,142714,5.0
51,32,Engineering,San Francisco,152194,5.0
43,19,Engineering,Austin,103837,3.2
34,12,Finance,Austin,75341,2.7
53,32,Sales,Seattle,126765,4.0
32,8,HR,Chicago,55638,2.5
57,35,Finance,Austin,142047,5.0
49,27,Finance,New York,123000,4.9
45,22,Operations,San Francisco,105401,4.0
50,26,Operations,Austin,90680,3.5
58,37,Marketing,Austin,131088,3.6
61,40,Marketing,Denver,136105,4.9
44,24,Sales,Chicago,104758,3.6
27,9,Marketing,San Francisco,68235,3.8
50,31,Sales,San Francisco,131523,3.5
25,5,Engineering,New York,66085,2.8
44,24,Sales,New York,125412,3.9
55,32,HR,Chicago,111116,5.0
59,40,Engineering,Chicago,166271,5.0
33,14,Engineering,Denver,77249,4.1
50,28,Operations,San Francisco,128483,4.6
58,34,Finance,New York,144814,5.0
37,17,Marketing,Seattle,85494,2.4
44,25,Sales,San Francisco,117538,5.0
59,40,Sales,San Francisco,149624,4.8
46,24,Sales,New York,106078,5.0
35,13,Engineering,Seattle,82946,4.4
22,0,Finance,San Francisco,46999,4.0
23,4,Engineering,Austin,56426,2.7
44,25,HR,Seattle,97761,5.0
24,3,Operations,Chicago,56233,3.6
56,33,Marketing,Denver,119807,4.9
27,6,Engineering,New York,63035,2.9
61,37,Finance,Denver,143093,5.0
50,31,Engineering,New York,148243,2.9
37,17,Finance,Chicago,86773,4.9
40,21,Finance,Chicago,100426,4.5
28,9,HR,Austin,57945,3.4
28,9,Engineering,San Francisco,75032,4.6
58,38,Sales,Austin,138030,5.0
22,0,HR,San Francisco,59411,3.4
38,17,Sales,Seattle,86349,3.5
46,25,Sales,New York,112991,4.6
40,16,Sales,San Francisco,85080,2.9
59,40,HR,Chicago,124387,4.2
40,20,Finance,San Francisco,109742,4.2
49,27,Marketing,Seattle,109381,3.9
43,19,Engineering,Austin,103686,2.9
51,30,Marketing,New York,127370,4.4
24,1,Sales,San Francisco,50934,1.6
56,38,Engineering,Chicago,155746,5.0
22,1,Engineering,New York,53915,2.4
31,7,HR,San Francisco,68042,2.7
52,30,Marketing,New York,120988,5.0
38,15,Sales,Denver,65756,2.6
47,23,HR,New York,106035,2.4
44,24,HR,Chicago,91604,4.2
37,19,Finance,New York,102934,3.8
51,29,Engineering,New York,134589,5.0
48,27,Finance,Seattle,128461,4.3
25,7,Operations,New York,63558,2.1
50,30,Sales,Austin,118093,4.6
29,5,Engineering,Austin,44111,3.1
33,9,Operations,Austin,57530,4.5
61,40,Sales,Austin,143125,5.0
37,16,Marketing,New York,89335,3.1
42,22,Engineering,Chicago,109546,3.6
31,11,Finance,Denver,66013,3.6
44,20,Sales,Seattle,100919,3.7
27,9,Sales,New York,70351,3.6
25,1,Sales,Chicago,39117,3.3
45,21,Operations,New York,97155,3.2
39,16,HR,Austin,66005,4.0
51,33,Sales,Chicago,112932,5.0
27,5,Sales,New York,69429,2.3
46,25,Finance,Seattle,106498,3.1
23,1,HR,Seattle,42435,3.7
32,9,Engineering,Austin,69185,3.9
28,10,Engineering,New York,75100,4.3
47,25,Marketing,New York,115162,5.0
31,10,HR,San Francisco,62934,3.4
38,15,Operations,New York,83399,3.0
36,14,Sales,Denver,74914,3.9
39,17,Sales,New York,102536,3.4
61,40,Marketing,Austin,145387,5.0
22,0,Operations,New York,43512,3.6
40,22,Marketing,New York,106364,4.2
53,31,Engineering,San Francisco,148346,5.0
43,23,Engineering,Austin,103949,4.2
57,36,Engineering,Chicago,147024,5.0
38,14,Marketing,San Francisco,90256,2.8
33,10,Finance,New York,74335,4.9
39,16,Finance,New York,88300,3.3
36,16,Marketing,Austin,74912,3.5
29,6,Engineering,San Francisco,62511,2.8
41,22,Operations,Austin,82441,3.9
55,32,Engineering,New York,148775,4.3
37,19,Sales,San Francisco,102094,2.4
54,35,Finance,San Francisco,155708,5.0
36,18,Engineering,New York,95535,4.2
56,36,Sales,New York,135857,4.6
51,29,Marketing,Chicago,111461,4.5
45,26,Operations,San Francisco,112339,5.0
48,29,Engineering,San Francisco,139610,5.0
33,11,Marketing,Chicago,58457,3.8
34,10,Operations,San Francisco,72034,4.3
38,15,Sales,Chicago,69218,1.7
47,28,Finance,New York,134873,5.0
37,15,Operations,New York,85882,3.6
49,28,Finance,Seattle,118433,3.8
37,15,Engineering,Austin,90765,2.9
39,16,Engineering,Austin,82694,3.9
50,28,Marketing,New York,119617,3.0
32,10,Engineering,Chicago,68801,3.8
59,38,HR,San Francisco,133272,4.3
56,38,Sales,New York,153131,5.0
53,30,HR,New York,106076,3.1
22,0,Engineering,New York,45080,3.3
27,4,HR,San Francisco,57090,2.8
50,26,Sales,Austin,97127,3.4
45,21,Engineering,San Francisco,107858,5.0
54,35,Finance,Austin,138914,5.0
22,4,Marketing,Austin,48945,2.4
30,7,Finance,San Francisco,64874,3.1
33,15,Sales,Austin,79796,4.9
44,23,Sales,San Francisco,112352,4.2
43,24,Finance,San Francisco,122488,3.7
61,40,Marketing,New York,145495,4.2
40,18,Engineering,New York,102481,3.3
34,10,Finance,Austin,69442,3.9
49,30,Marketing,Chicago,108955,5.0
46,22,Engineering,New York,111352,3.8
43,23,Marketing,San Francisco,101272,3.3
38,15,Engineering,Chicago,86115,3.1
22,2,Operations,San Francisco,60729,1.6
39,21,Finance,Austin,89096,4.4
44,26,Marketing,Chicago,100465,4.2
52,30,Operations,New York,121696,5.0
39,15,Engineering,Denver,89112,5.0
43,22,Finance,Chicago,101565,5.0
50,27,Sales,Seattle,109927,3.9
33,14,Marketing,New York,85596,3.4
36,18,HR,San Francisco,101992,2.8
51,28,Engineering,Chicago,126603,2.6
54,32,Engineering,San Francisco,153731,5.0
44,25,Sales,New York,121428,4.4
54,34,Finance,Chicago,127892,3.4
34,16,Sales,Denver,81379,4.3
59,40,Finance,New York,169705,3.2
45,23,Sales,Denver,100756,3.9
53,29,Operations,Austin,108346,4.4
51,29,Engineering,New York,136474,3.8
56,37,Sales,San Francisco,145038,4.3
24,1,Engineering,Seattle,40393,3.6
25,7,Sales,Chicago,53544,2.8
28,8,Marketing,New York,61846,4.2
49,31,Engineering,Austin,135006,3.0
36,14,Engineering,New York,90276,3.2
40,20,Engineering,Austin,98236,5.0
31,8,Finance,San Francisco,71582,2.4
61,40,Marketing,San Francisco,150851,4.1
44,20,Sales,New York,94059,3.9
59,40,Engineering,Austin,166587,4.5
23,0,Operations,Denver,36416,3.1
47,25,Sales,Austin,107012,4.9
58,35,HR,San Francisco,127702,5.0
57,33,Finance,New York,141453,4.7
51,31,HR,Seattle,114005,4.1
29,11,Engineering,New York,82485,3.6
38,17,Finance,San Francisco,97568,4.5
57,38,Finance,San Francisco,158241,4.1
28,9,Sales,New York,68666,3.0
26,6,Marketing,San Francisco,63799,2.3
24,4,Marketing,Chicago,43981,3.1
29,11,Sales,New York,72606,3.5
51,32,Finance,San Francisco,137805,4.0
43,19,Engineering,New York,113571,2.9
44,22,Marketing,San Francisco,102346,3.4
44,25,Sales,San Francisco,115706,4.7
38,19,Sales,Denver,80718,3.4
31,13,Marketing,New York,80772,4.2
34,11,Engineering,Austin,78851,2.9
37,14,Engineering,Austin,78852,3.0
24,4,Sales,Austin,49836,3.7
47,27,Marketing,Denver,102754,3.6
52,31,Marketing,Chicago,119256,5.0
23,4,HR,Austin,47224,1.3
30,6,Engineering,New York,65868,3.2
47,29,Engineering,New York,137127,3.9
32,10,Engineering,Chicago,59508,3.1
25,5,Operations,Seattle,60279,3.4
31,13,Engineering,New York,96183,1.9
60,37,Marketing,Austin,127163,5.0
44,21,Sales,Denver,94913,3.6
58,34,Sales,San Francisco,139955,5.0
33,11,Marketing,New York,82167,4.1
56,34,HR,San Francisco,124709,4.8
26,3,Engineering,San Francisco,62263,1.8
53,29,Engineering,San Francisco,147754,5.0
56,35,Finance,New York,151084,5.0
24,4,Sales,Chicago,49341,4.1
28,7,Sales,New York,66041,2.0
46,27,Sales,Seattle,111869,2.8
30,7,Sales,Austin,57941,2.9
55,37,HR,New York,126581,5.0
51,29,Finance,Chicago,129246,5.0
55,34,Sales,New York,139914,5.0
40,22,Engineering,Denver,104045,3.3
57,36,Operations,Seattle,122337,3.6
59,36,Engineering,Denver,153597,5.0
55,31,Finance,New York,143573,3.6
57,37,HR,New York,133485,4.7
57,33,Sales,Denver,126954,5.0
44,25,Marketing,New York,114826,3.8
22,3,Operations,San Francisco,58128,3.4
28,7,Finance,New York,67050,3.5
36,16,Sales,Denver,78748,3.7
34,14,Operations,San Francisco,90368,3.9
52,29,Sales,Austin,112634,4.8
48,25,Engineering,New York,118879,4.2
38,15,Marketing,Austin,77268,4.9
33,10,Finance,Chicago,67476,4.2
50,26,Engineering,New York,129019,3.4
42,18,Engineering,San Francisco,108268,5.0
31,9,Operations,New York,64000,3.5
26,8,HR,Austin,53106,3.2
58,38,Finance,New York,155548,4.2
44,21,HR,Denver,83041,4.6
54,33,Engineering,San Francisco,156632,4.5
59,39,Finance,San Francisco,166663,4.2
54,31,Engineering,San Francisco,148903,3.8
46,22,Engineering,San Francisco,119166,5.0
33,9,Engineering,San Francisco,74574,3.1
33,15,Finance,Denver,76943,3.4
35,16,Operations,San Francisco,81637,5.0
26,6,HR,San Francisco,61124,3.5
60,39,Sales,Denver,140317,5.0
45,25,Engineering,Seattle,124730,4.3
32,12,Sales,New York,74646,3.5
44,22,Sales,Chicago,101192,3.3
59,40,Engineering,New York,161831,5.0
52,33,HR,New York,124629,4.8
50,31,Engineering,Seattle,140735,3.8
22,0,Engineering,Seattle,43104,2.9
61,40,Engineering,San Francisco,177740,5.0
28,10,Engineering,Chicago,67146,3.7
57,38,Engineering,San Francisco,180167,4.9
46,25,Operations,New York,105033,3.7
39,17,Sales,San Francisco,93869,3.3
44,20,Engineering,Chicago,101769,4.4
38,14,HR,Chicago,60071,4.3
50,28,HR,San Francisco,113164,4.5
39,19,Engineering,Denver,88526,4.6
57,35,Engineering,Austin,154525,4.0
59,36,Finance,New York,148929,4.4
52,29,Finance,New York,130517,4.7
35,15,Operations,New York,75002,4.6
46,26,Finance,Austin,122002,3.9
41,19,Finance,New York,94190,4.7
61,40,Engineering,Austin,156802,4.1
27,3,Engineering,San Francisco,56544,4.0
35,13,Engineering,Austin,68590,4.6
46,23,Engineering,Seattle,109227,3.8
31,11,Sales,Chicago,64480,3.8
37,15,Engineering,New York,99439,4.3
32,12,Operations,San Francisco,84287,3.0
23,0,Engineering,Austin,33053,2.6
47,23,HR,Austin,87589,3.8
45,27,HR,San Francisco,114428,4.7
26,8,Finance,San Francisco,79076,4.1
47,27,Finance,Chicago,111142,3.6
38,19,Marketing,Austin,84734,3.3
30,11,Finance,New York,79040,4.0
35,16,Engineering,New York,98123,3.3
32,10,Engineering,Austin,68526,3.3
26,6,Sales,San Francisco,74699,3.9
31,8,Operations,San Francisco,68428,3.4
55,31,Sales,Chicago,124516,5.0
22,0,Sales,Denver,38069,3.1
55,33,Finance,San Francisco,162165,4.5
40,22,Finance,Seattle,113849,3.5
32,8,Sales,Denver,47478,1.6
29,11,Sales,Chicago,69522,3.2
25,7,Engineering,Denver,47751,1.9
41,23,HR,San Francisco,108773,4.8
47,23,Sales,Denver,94544,4.7
41,19,Engineering,Austin,87906,4.3
30,7,Finance,San Francisco,65947,4.2
28,8,Sales,New York,66893,5.0
45,21,Engineering,San Francisco,123005,2.6
28,6,HR,Seattle,57489,3.2
37,16,Engineering,New York,99801,4.4
44,20,Operations,New York,91790,3.8
56,38,Finance,New York,154389,4.8
27,4,HR,New York,49295,4.1
34,11,Finance,New York,77067,3.9
47,28,Engineering,Chicago,123485,3.3
42,24,Operations,New York,103912,5.0
49,30,Sales,San Francisco,124986,3.8
25,1,Engineering,Denver,37224,3.2
31,12,Engineering,San Francisco,85441,4.0
36,17,Engineering,San Francisco,104355,2.5
56,32,Sales,San Francisco,130953,5.0
58,37,Finance,San Francisco,153464,5.0
31,13,Operations,Chicago,63537,3.9
27,6,Sales,New York,59341,3.9
30,7,Sales,Denver,51860,3.1
52,34,Engineering,San Francisco,151179,5.0
33,12,Finance,New York,87260,4.1
40,21,Engineering,San Francisco,120342,2.3
36,16,Finance,Austin,85549,2.8
44,23,Finance,Seattle,112573,4.9
57,38,Marketing,San Francisco,138930,4.0
57,37,Sales,Seattle,136872,5.0
46,25,Engineering,New York,122658,4.1
58,37,Sales,Denver,133044,5.0
52,33,Sales,San Francisco,140269,3.2
39,17,Marketing,San Francisco,96398,3.9
48,24,HR,Chicago,83819,4.2
61,38,Sales,Denver,134288,5.0
28,4,Engineering,Seattle,60668,3.4
33,11,Sales,Austin,65445,3.6
51,28,Marketing,New York,119049,4.7
30,9,Operations,Chicago,50125,3.8
40,16,Finance,Seattle,89005,3.3
46,25,Marketing,San Francisco,111048,5.0
26,4,Sales,New York,47734,3.2
45,23,Engineering,Chicago,112505,3.6
54,33,Engineering,San Francisco,159519,5.0
42,23,HR,New York,102501,3.0
60,39,Sales,Chicago,137551,5.0
34,11,Engineering,Austin,71559,3.2
36,16,Finance,San Francisco,92693,3.8
39,17,Sales,Austin,85399,3.8
49,26,Engineering,New York,130359,4.6
43,21,Finance,Chicago,104119,3.5
47,25,Engineering,San Francisco,127988,3.8
23,4,Finance,New York,62850,3.4
34,15,Engineering,Seattle,88671,3.2
24,4,Marketing,San Francisco,56479,3.1
48,28,Finance,Chicago,117333,4.2
23,1,Sales,San Francisco,48393,2.7
46,27,Marketing,Seattle,106251,3.7
55,37,Operations,Chicago,128325,4.1
53,31,Sales,New York,131604,4.1
46,26,Marketing,Chicago,98086,3.2
54,30,Operations,Denver,101763,3.5
34,14,Engineering,Seattle,85620,5.0
48,25,Sales,San Francisco,111834,4.2
44,26,Engineering,Seattle,127453,5.0
40,20,Finance,New York,102701,4.2
57,35,Engineering,Denver,137842,5.0
40,17,Marketing,Denver,73173,3.9
25,1,Finance,San Francisco,54641,3.8
41,23,HR,Chicago,98356,4.2
29,5,Marketing,San Francisco,64699,3.4
59,39,Marketing,Chicago,127648,3.9
35,17,Engineering,New York,95465,4.6
50,29,Sales,San Francisco,126621,4.2
40,19,Engineering,Chicago,95257,3.9
23,1,Sales,Austin,41028,3.3
36,16,Marketing,New York,96329,3.9
59,38,Sales,Denver,129452,4.8
55,31,Sales,Denver,111356,5.0
45,25,Engineering,San Francisco,127567,3.5
43,21,Engineering,New York,112489,2.4
36,13,Marketing,Seattle,76205,3.4
25,2,Sales,New York,55910,1.3
58,34,Sales,Austin,126863,4.5
32,14,Marketing,Seattle,82803,4.6
25,5,Marketing,New York,60108,4.4
42,21,Sales,Seattle,99691,3.2
25,4,Engineering,San Francisco,54001,3.5
52,33,HR,Seattle,112824,3.7
47,25,Marketing,New York,107390,4.5
47,27,Engineering,San Francisco,137241,5.0
52,33,Engineering,Austin,137793,4.1
61,40,Operations,Chicago,127124,5.0
32,13,Finance,Austin,71529,3.8
34,12,Finance,Austin,80493,5.0
43,21,Sales,San Francisco,97750,3.6
46,26,Sales,New York,116124,3.6
23,3,Marketing,Denver,42508,4.2
60,37,Engineering,New York,169289,5.0
42,18,Operations,Denver,80884,4.4
39,19,Finance,Chicago,89879,3.3
46,23,Sales,Chicago,101284,4.3
28,9,Marketing,San Francisco,78574,3.1
39,20,Sales,Austin,88678,5.0
31,10,Operations,San Francisco,65632,4.0
22,1,Sales,Denver,31764,2.6
38,14,Marketing,New York,82126,3.1
27,6,Sales,Denver,45748,2.2
26,2,Sales,Seattle,48772,2.7
27,3,Marketing,Austin,50829,3.2
41,23,Engineering,Seattle,115765,4.5
53,33,Finance,New York,152252,5.0
60,40,Engineering,Austin,162286,4.7
54,31,Sales,Chicago,112437,5.0
57,39,Operations,Chicago,130475,3.4
43,25,Marketing,Chicago,104150,4.2
45,26,HR,Chicago,88782,4.9
45,21,Engineering,San Francisco,117759,3.7
59,35,Engineering,New York,164252,5.0
35,14,HR,Austin,70492,4.4
47,24,Operations,New York,112707,3.8
60,40,Finance,New York,154765,5.0
25,2,Finance,New York,55413,4.0
51,28,Finance,New York,119415,3.5
48,25,Finance,San Francisco,113445,5.0
54,33,Marketing,San Francisco,125378,4.6
45,25,Sales,Austin,108600,3.2
48,26,Sales,San Francisco,119628,4.7
47,27,HR,Austin,105368,5.0
40,19,Finance,Denver,85423,3.9
32,12,Engineering,San Francisco,79272,3.9
35,14,Sales,Austin,78816,4.2
51,30,Sales,Denver,110306,4.6
46,23,Sales,San Francisco,102946,4.3
43,25,Engineering,San Francisco,131713,5.0
28,10,Engineering,Austin,74138,4.2
60,39,Marketing,Denver,128661,5.0
45,22,Engineering,New York,116361,2.7
27,6,Engineering,San Francisco,71283,2.4
57,35,Engineering,San Francisco,154731,4.5
43,21,HR,Austin,81200,5.0
41,21,Marketing,San Francisco,103742,4.5
56,32,Sales,Chicago,128825,5.0
37,17,Sales,Denver,74836,4.3
28,4,Finance,Denver,50358,3.6
28,8,Engineering,New York,74778,3.2
52,32,Sales,Chicago,121919,5.0
31,10,Sales,San Francisco,75303,2.5
59,40,Engineering,Seattle,163947,5.0
58,39,Engineering,New York,172142,4.9
51,27,Finance,San Francisco,127085,4.0
55,34,HR,Seattle,107406,5.0
48,29,HR,San Francisco,116879,5.0
57,33,Engineering,San Francisco,149296,5.0
30,6,Sales,Seattle,58117,3.2
31,9,Engineering,Austin,76045,2.4
59,40,Engineering,San Francisco,176708,4.0
30,7,Engineering,San Francisco,61755,1.4
25,4,Marketing,Chicago,44923,2.2
22,0,Engineering,San Francisco,44441,3.3
36,16,Operations,Austin,80931,5.0
41,20,Engineering,New York,93285,3.2
24,5,Operations,San Francisco,64686,4.3
46,23,Marketing,San Francisco,107763,5.0
40,19,Engineering,Chicago,94659,4.9
50,31,Finance,Chicago,128208,5.0
51,30,Sales,San Francisco,137640,4.6
30,10,Finance,Austin,57660,3.2
42,19,Marketing,Chicago,82033,4.3
51,29,Marketing,New York,119444,5.0
31,10,Marketing,Austin,63219,4.0
60,38,Operations,San Francisco,139106,5.0
47,23,Marketing,San Francisco,109962,4.9
31,9,Marketing,San Francisco,73321,2.9
51,29,Operations,Seattle,109919,5.0
27,7,Operations,New York,54597,1.9
32,11,Engineering,Chicago,74921,4.8
27,9,Marketing,New York,76963,4.7
35,12,Operations,Austin,72592,5.0
22,0,Finance,Chicago,39382,2.4
30,6,Engineering,New York,71965,3.0
39,16,Marketing,Austin,71032,3.1
40,21,Finance,Chicago,101727,3.0
54,32,HR,Seattle,117127,2.9
24,0,Engineering,Austin,38115,3.8
37,19,Engineering,New York,112485,3.9
38,14,Engineering,New York,90357,3.7
29,10,Sales,New York,71844,2.2
25,3,Sales,Seattle,46329,3.4
61,37,Finance,Chicago,134777,5.0
32,11,Sales,Seattle,70069,3.8
24,4,Marketing,San Francisco,69104,4.0
61,40,Finance,San Francisco,174673,4.2
44,23,Marketing,New York,101971,5.0
24,1,HR,Denver,38524,3.1
58,38,Sales,Austin,145816,5.0
33,11,Marketing,Seattle,65885,4.0
38,16,Operations,San Francisco,86233,3.7
37,16,Engineering,Seattle,86483,4.5
29,8,Engineering,San Francisco,83459,3.4
55,31,Engineering,New York,141176,4.3
27,9,Sales,Austin,60259,2.7
26,2,Sales,New York,52522,2.3
35,13,Operations,San Francisco,77049,4.5
59,35,Engineering,Austin,160559,5.0
31,10,Sales,Chicago,69492,3.5
50,30,Engineering,New York,151753,4.5
61,39,Finance,San Francisco,152403,4.6
57,35,Marketing,Austin,129854,5.0
45,24,Engineering,New York,121706,5.0
54,36,Operations,New York,127491,5.0
24,3,Engineering,New York,57371,2.9
45,21,Sales,Denver,98797,5.0
60,36,Marketing,Austin,134471,5.0
24,3,Sales,New York,52952,1.9
25,4,Sales,San Francisco,78487,3.0
58,38,Operations,San Francisco,146711,5.0
58,38,Marketing,San Francisco,141663,5.0
45,23,HR,Austin,86279,4.3
42,18,Sales,Denver,79821,4.4
28,8,Finance,Austin,61381,2.6
60,38,Sales,New York,144945,4.1
60,39,Finance,San Francisco,159709,5.0
51,30,Finance,San Francisco,141917,4.7
28,7,Finance,New York,64743,4.8
46,27,Sales,San Francisco,122467,4.4
29,6,Marketing,Chicago,49806,3.7
49,26,Sales,Chicago,104952,5.0
46,25,HR,Austin,101205,3.9
28,8,Operations,Denver,55144,3.3
51,33,Engineering,Chicago,145077,4.8
55,36,Engineering,Seattle,156196,5.0
27,3,Engineering,San Francisco,66072,3.4
39,20,Marketing,New York,97912,4.7
37,13,Sales,Austin,78962,2.8
44,25,Engineering,Seattle,115733,3.3
39,19,Marketing,Chicago,91191,4.0
40,20,Engineering,San Francisco,115867,2.8
40,18,Sales,New York,90673,5.0
43,21,HR,Seattle,87909,3.6
41,19,Operations,Chicago,73128,3.6
24,2,Finance,New York,52381,3.7
40,18,Operations,Chicago,81619,4.3
56,33,Engineering,Seattle,144382,5.0
22,0,Engineering,New York,53169,3.1
25,5,Sales,San Francisco,53107,2.3
59,40,Finance,New York,161705,5.0
31,9,Sales,Chicago,55121,3.0
45,26,HR,Chicago,93656,3.1
34,11,Sales,San Francisco,83901,3.4
50,28,Marketing,San Francisco,120620,5.0
42,23,Finance,Austin,112283,3.5
48,25,Engineering,Denver,111993,3.8
50,31,Sales,Austin,116734,4.0
60,38,Finance,Chicago,145485,5.0
50,28,Operations,New York,106672,2.9
44,25,Finance,San Francisco,118087,4.7
41,18,HR,San Francisco,90714,4.1
36,17,Marketing,New York,94707,3.9
46,28,Operations,New York,108921,3.7
52,30,Finance,San Francisco,132119,4.4
30,12,Engineering,San Francisco,79894,5.0
29,6,Marketing,New York,55261,3.6
37,19,Sales,San Francisco,99809,3.7
45,24,Engineering,Chicago,112419,4.9
41,22,Sales,San Francisco,109550,3.2
51,30,Marketing,San Francisco,123789,5.0
42,20,Finance,New York,109924,4.0
44,25,Engineering,New York,116429,5.0
29,11,Engineering,Seattle,77301,5.0
55,37,Engineering,Chicago,155937,5.0
32,11,Sales,San Francisco,77298,4.0
27,7,Finance,New York,69395,3.1
28,6,Engineering,Denver,52711,3.8
54,32,Engineering,New York,145203,5.0
40,18,Marketing,Denver,80914,2.9
59,40,Engineering,Austin,159860,3.9
38,15,Operations,New York,82590,4.3
55,34,Engineering,Austin,147413,4.3
61,37,HR,Seattle,120862,5.0
37,13,Engineering,San Francisco,94207,3.8
35,12,Engineering,Chicago,80557,3.8
28,5,Sales,Chicago,58583,3.1
48,24,Engineering,New York,120596,4.8
45,21,HR,New York,100180,5.0
26,2,Finance,New York,43701,4.5
32,10,Engineering,Denver,59576,3.3
29,6,Marketing,Denver,50530,3.5
50,27,Marketing,New York,109094,4.5
29,9,Finance,Seattle,64330,2.3
34,13,Engineering,Chicago,72660,2.5
54,31,Marketing,New York,123013,4.5
50,30,Engineering,Seattle,133560,4.9
39,16,Finance,New York,88310,4.5
37,14,Sales,New York,83600,3.2
45,25,Engineering,Chicago,112540,4.8
41,20,Engineering,New York,109541,3.9
55,34,Finance,Chicago,136329,4.4
58,38,Operations,San Francisco,143044,5.0
36,18,Engineering,Chicago,92208,2.6
37,15,Marketing,Chicago,72409,1.9
48,25,Operations,Austin,95309,5.0
24,0,Finance,Austin,32624,3.0
55,32,Engineering,San Francisco,152308,5.0
60,40,HR,Chicago,126747,4.9
22,3,Marketing,San Francisco,62708,2.6
28,8,Sales,Chicago,59501,2.5
24,2,Operations,Chicago,39296,1.7
33,11,Engineering,Chicago,75611,3.7
39,16,Operations,San Francisco,86552,3.0
52,28,Marketing,Chicago,106640,4.3
53,31,Operations,San Francisco,125914,4.8
22,2,Marketing,San Francisco,56169,3.1
27,3,Finance,Denver,39824,3.2
52,33,Engineering,New York,153558,5.0
26,7,Marketing,New York,66400,3.6
41,22,Sales,New York,104635,4.3
43,22,Marketing,San Francisco,104006,4.0
48,27,Engineering,Denver,120535,5.0
41,18,Operations,Seattle,78318,5.0
35,15,Marketing,Seattle,86911,3.3
56,37,Sales,Chicago,121863,5.0
34,16,Sales,Austin,74974,3.7
58,38,Engineering,Chicago,150866,4.6
60,40,Operations,New York,143839,4.3
32,8,Operations,Austin,57087,4.9
57,33,HR,San Francisco,125884,5.0
25,4,Sales,San Francisco,54381,1.5
47,27,HR,Austin,104501,5.0
56,33,Sales,San Francisco,140902,5.0
35,15,HR,New York,70335,3.9
39,17,HR,Denver,74043,3.8
25,6,Operations,San Francisco,54553,3.5
59,36,Engineering,Chicago,146575,5.0
24,4,Engineering,New York,61988,2.8
61,40,Finance,New York,161876,5.0
32,11,Engineering,San Francisco,77709,2.4
44,20,Operations,San Francisco,94170,5.0
51,32,Finance,San Francisco,147031,3.7
42,18,Engineering,Seattle,99827,3.6
32,10,Finance,Austin,70034,3.9
58,40,Sales,New York,143417,5.0
32,9,Marketing,New York,71794,2.9
41,23,Marketing,Chicago,95194,3.6
43,22,Operations,Seattle,90343,5.0
30,10,Marketing,New York,78629,3.0
52,33,Finance,Chicago,131440,4.0
56,32,Marketing,Chicago,121059,4.2
61,40,Sales,Austin,140303,5.0
55,36,Engineering,Denver,149250,5.0
60,36,Finance,San Francisco,155897,5.0
47,26,Marketing,New York,111260,4.7
44,22,HR,San Francisco,99847,3.8
55,35,Finance,Chicago,138955,5.0
47,24,Marketing,Chicago,96385,4.8
55,35,Operations,San Francisco,126864,3.9
35,11,Finance,San Francisco,83118,3.1
27,5,Operations,Austin,49155,3.3
27,6,Marketing,New York,63098,4.6
60,40,Engineering,Austin,158903,4.8
47,25,Engineering,Denver,120390,4.3
59,35,Finance,San Francisco,154918,4.8
28,8,Operations,Chicago,62617,3.7
47,28,Finance,Seattle,132532,4.9
57,37,Marketing,San Francisco,147263,4.1
61,40,Marketing,Denver,133499,2.7
27,6,Sales,Denver,44536,4.0
27,3,Engineering,New York,61856,1.5
48,28,Engineering,New York,135798,4.7
37,17,Finance,New York,99913,4.2
24,3,Marketing,Seattle,56910,3.7
56,38,Finance,San Francisco,158423,4.1
49,25,HR,Austin,89748,4.5
36,18,Engineering,Chicago,95203,4.5
29,6,Sales,San Francisco,63600,3.9
45,21,Engineering,San Francisco,111556,5.0
48,24,HR,New York,102824,3.4
34,14,Marketing,Austin,71767,3.3
55,36,Engineering,Austin,152937,4.6
58,34,Sales,San Francisco,133963,4.7
23,3,Finance,New York,55043,4.0
58,37,Engineering,Chicago,151370,5.0
35,11,Marketing,Austin,65348,3.7
33,12,HR,Austin,62061,5.0
27,7,HR,New York,65907,3.9
37,14,Marketing,San Francisco,77998,2.8
32,11,Marketing,Chicago,66613,4.6
35,15,Engineering,Denver,87121,2.7
35,17,Engineering,New York,100025,2.9
45,26,Engineering,Seattle,124599,4.0
60,36,Engineering,New York,155765,4.5
37,14,HR,Denver,67709,3.6
36,13,Engineering,Austin,80702,3.7
24,3,HR,San Francisco,57564,2.5
49,26,Sales,New York,117007,3.7
41,18,Sales,New York,96844,4.5
32,14,Engineering,Seattle,87812,4.0
43,21,Marketing,Austin,81683,3.9
31,12,Engineering,Austin,70065,3.0
51,27,Sales,New York,117322,4.4
37,17,Finance,Seattle,102187,3.1
36,17,Engineering,San Francisco,108257,2.8
46,22,Marketing,San Francisco,104868,4.9
58,37,Engineering,Austin,152655,5.0
45,27,Engineering,New York,129248,4.1
35,11,Sales,San Francisco,81661,4.9
37,19,Engineering,San Francisco,107892,3.9
46,28,HR,New York,110234,5.0
29,6,Marketing,San Francisco,60761,3.7
58,39,HR,San Francisco,135648,5.0
55,32,Finance,Seattle,130245,4.7
29,5,Engineering,New York,58825,4.5
44,23,Operations,Seattle,95919,4.9
24,1,Engineering,Chicago,45736,1.6
45,24,Engineering,San Francisco,126655,4.7
24,2,Engineering,Chicago,48233,1.4
51,32,Sales,Chicago,118745,3.8
24,3,HR,New York,55029,3.6
30,11,Finance,San Francisco,78711,2.7
28,8,Sales,New York,67063,4.5
60,40,Marketing,Austin,137206,4.8
25,3,Sales,New York,47093,3.7
53,34,Marketing,San Francisco,135181,5.0
56,37,Marketing,Chicago,123740,5.0
53,29,Marketing,Chicago,111778,5.0
57,39,Marketing,Seattle,137416,3.8
51,29,Engineering,New York,130121,4.5
22,0,Sales,San Francisco,44286,3.2
30,8,Engineering,Denver,55693,4.3
43,23,Sales,San Francisco,117117,4.7
48,24,Finance,Austin,100922,4.0
47,28,HR,New York,108077,3.4
31,11,Marketing,New York,75192,2.3
48,27,Engineering,Austin,121417,3.7
43,22,Engineering,Seattle,111328,4.3
35,12,HR,Austin,68160,3.8
57,34,Sales,New York,132775,5.0
49,27,Finance,Chicago,122752,4.6
43,21,Finance,New York,113721,4.7
25,7,Sales,Chicago,56228,2.3
24,5,Marketing,New York,65839,3.5
55,33,Engineering,San Francisco,153581,4.3
51,32,Engineering,Austin,135877,4.2
59,38,Engineering,Denver,147960,5.0
60,40,Sales,San Francisco,151710,5.0
60,40,Engineering,San Francisco,177614,5.0
53,33,HR,Seattle,118702,4.7
48,29,Engineering,Chicago,135079,3.4
48,30,Engineering,Denver,136041,3.3
44,20,Engineering,Seattle,109619,5.0
25,5,Sales,Austin,51619,3.4
31,8,Finance,Seattle,74335,3.4
33,14,Marketing,San Francisco,84699,3.9
55,32,Sales,New York,119521,4.3
23,0,HR,Austin,36619,2.8
40,16,Engineering,Denver,87078,3.2
38,19,Finance,San Francisco,107213,4.3
45,23,Finance,Austin,106753,4.1
47,26,Engineering,Seattle,127841,5.0
31,7,Engineering,Seattle,52492,4.7
54,31,Engineering,Seattle,150643,3.7
43,23,Engineering,Seattle,117413,4.7
37,17,Operations,Austin,78662,3.6
43,25,Sales,New York,103325,5.0
36,17,Engineering,New York,103930,4.1
53,32,Engineering,Austin,132971,5.0
29,7,Sales,San Francisco,58761,3.0
23,0,Engineering,Austin,40646,4.1
24,4,Sales,Austin,50912,2.7
30,12,Engineering,Austin,74686,2.7
49,28,Engineering,Denver,117974,2.5
34,16,Engineering,Seattle,94814,3.8
39,21,Marketing,New York,99581,3.8
40,19,Sales,San Francisco,101279,4.1
45,21,Marketing,Austin,92252,3.4
48,29,HR,Denver,92841,4.5
50,31,Finance,San Francisco,140968,4.6
47,27,Engineering,New York,125069,3.5
38,15,Engineering,San Francisco,98788,5.0
40,17,Sales,San Francisco,92507,5.0
55,31,Sales,Austin,116635,4.8
44,22,Operations,Austin,97700,4.6
41,21,Sales,Seattle,98815,4.6
22,2,HR,San Francisco,55088,3.7
43,19,HR,Chicago,83139,3.4
58,39,HR,Seattle,140839,5.0
54,34,Marketing,San Francisco,121034,5.0
45,26,Marketing,Austin,105169,4.2
33,12,HR,San Francisco,76996,3.5
24,2,Operations,Chicago,46951,2.4
51,30,Sales,Austin,116670,4.2
57,38,Sales,Denver,134296,3.2
32,12,Marketing,Denver,67656,3.6
56,36,Sales,San Francisco,144162,5.0
52,33,Engineering,San Francisco,148739,5.0
24,1,Engineering,San Francisco,53109,3.3
46,27,Sales,Chicago,116690,4.5
39,17,Marketing,Chicago,82237,4.0
60,37,HR,Austin,110056,4.1
55,33,Engineering,New York,149367,3.2
40,21,Marketing,New York,94684,5.0
58,40,Engineering,Austin,167396,5.0
51,31,Finance,Chicago,120518,2.9
41,17,HR,Denver,72698,5.0
24,4,Finance,San Francisco,63818,2.9
58,39,Marketing,New York,148393,5.0
50,28,HR,Seattle,102897,4.4
30,10,HR,Seattle,66697,3.1
43,24,Marketing,San Francisco,120811,5.0
32,10,Finance,Seattle,68419,3.3
31,8,Sales,Denver,56091,1.5
24,0,HR,Seattle,38712,3.5
54,35,Marketing,Austin,124514,4.8
29,10,Marketing,San Francisco,77335,3.5
29,7,Finance,Seattle,63321,3.2
53,29,Sales,Chicago,116285,4.9
42,18,Marketing,Chicago,75746,5.0
26,2,Sales,San Francisco,55920,4.0
47,28,HR,San Francisco,111434,4.7
43,20,Engineering,San Francisco,98523,4.2
25,6,Sales,Denver,56083,2.8
53,34,Marketing,San Francisco,135530,5.0
44,21,Finance,Austin,95473,2.6
55,31,Engineering,Seattle,145065,3.8
26,4,Engineering,Denver,50104,3.1
33,14,HR,Chicago,57023,3.9
58,39,Engineering,Chicago,161155,5.0
61,40,Engineering,San Francisco,186800,4.8
30,11,Finance,Austin,71148,5.0
30,9,Engineering,Chicago,69253,4.5
44,20,Engineering,Chicago,91324,2.6
39,19,Marketing,Seattle,82918,3.3
59,35,Marketing,New York,127515,3.7
60,40,Engineering,San Francisco,180301,5.0
39,18,Engineering,San Francisco,110836,3.6
46,24,Engineering,San Francisco,112730,3.0
22,0,Engineering,Austin,42424,2.8
29,7,Sales,Austin,46095,2.4
37,17,Marketing,New York,82558,4.0
37,15,Operations,New York,82125,4.4
45,27,Sales,Austin,105427,3.5
34,12,HR,Chicago,63713,3.9
43,24,Engineering,New York,122990,4.5
35,11,HR,San Francisco,80482,3.1
60,40,Engineering,Denver,157565,5.0
28,7,Finance,Seattle,59780,2.9
25,2,Finance,Seattle,45177,3.7
40,16,Engineering,San Francisco,111927,3.8
26,7,Engineering,San Francisco,77679,3.1
47,27,Operations,Austin,108116,5.0
37,17,Marketing,Denver,80384,4.7
35,12,Finance,San Francisco,85827,3.5
39,15,Engineering,New York,101076,1.3
42,24,Marketing,Chicago,96761,4.5
54,35,Marketing,San Francisco,130071,4.4
55,37,Engineering,New York,154784,5.0
28,6,Sales,San Francisco,78351,3.4
37,17,Finance,New York,90792,3.7
22,0,Sales,Denver,31710,2.8
30,12,Operations,San Francisco,77788,4.8
50,26,Finance,Seattle,123093,5.0
27,3,HR,Seattle,44251,4.3
39,15,Engineering,San Francisco,95842,2.9
28,4,Marketing,Austin,49945,3.0
23,0,Marketing,New York,40642,3.2
39,19,Finance,Austin,93012,2.4
59,37,Operations,San Francisco,143371,5.0
29,8,Sales,Seattle,65237,2.6
23,0,Engineering,Seattle,43492,3.8
37,18,Engineering,Seattle,101751,3.5
41,23,Engineering,San Francisco,121556,4.5
24,0,Marketing,Austin,35782,1.6
36,18,Engineering,New York,100578,1.9
53,33,Marketing,Seattle,129654,4.0
60,37,Engineering,New York,154379,3.7
24,3,Operations,San Francisco,51064,2.1
38,16,HR,Denver,74906,3.4
32,13,HR,Seattle,78151,3.9
30,10,Engineering,Seattle,74681,4.1
45,22,Marketing,New York,97667,3.3
56,34,Marketing,New York,123822,3.5
41,18,Sales,New York,97108,3.8
42,19,Finance,Chicago,92380,3.0
32,14,Sales,Chicago,75273,2.6
28,4,Operations,Austin,49393,2.8
30,9,Sales,San Francisco,68177,4.3
27,5,Engineering,Chicago,48545,3.4
60,39,Engineering,Austin,159042,3.2
46,24,Marketing,Denver,93749,5.0
27,5,Engineering,Seattle,50167,2.1
24,2,Operations,Austin,36142,3.1
56,35,Marketing,Chicago,123109,4.0
35,14,Marketing,Austin,79551,4.4
26,5,Finance,San Francisco,75908,3.5
49,28,Marketing,Austin,108836,5.0
27,5,Engineering,New York,60563,3.4
50,31,Marketing,Austin,116555,4.4
30,6,Finance,Austin,55169,4.2
48,26,Engineering,Austin,114505,2.7
61,37,Finance,Austin,127652,3.7
27,7,Engineering,San Francisco,72325,2.1
52,34,Operations,Chicago,114196,4.5
22,4,Engineering,San Francisco,61757,2.7
30,7,Engineering,Austin,54510,2.6
47,23,Engineering,New York,116750,4.7
29,5,Marketing,Chicago,49847,3.6
37,15,Engineering,New York,86735,3.3
54,33,Engineering,San Francisco,149160,3.4
44,22,Sales,Austin,98490,5.0
53,32,HR,New York,122557,4.8
27,4,HR,San Francisco,49747,2.7
30,10,Operations,Chicago,64478,3.6
27,8,Finance,San Francisco,79274,3.6
53,32,Marketing,Denver,116897,4.0
28,8,Sales,Austin,61103,4.0
56,34,Sales,Seattle,132766,4.8
50,26,Engineering,New York,130061,3.9
37,17,HR,Austin,73725,4.8
30,11,Engineering,Seattle,83694,3.2
55,32,Marketing,Chicago,116754,5.0
30,10,Sales,New York,65857,3.6
58,35,Finance,Chicago,140144,4.5
54,30,Sales,New York,130104,5.0
58,34,HR,New York,125385,4.4
36,17,Finance,Chicago,80748,4.3
48,27,Marketing,Seattle,113453,5.0
54,36,Finance,New York,135854,4.5
23,5,Sales,New York,68436,2.8
42,23,Sales,San Francisco,112983,4.8
47,29,Engineering,Chicago,118410,5.0
45,26,Sales,San Francisco,107680,2.5
36,14,Operations,San Francisco,94962,4.1
36,17,Sales,Seattle,88587,4.8
25,1,Engineering,San Francisco,49275,2.6
40,22,Sales,Chicago,96210,4.9
60,40,Operations,San Francisco,143676,4.8
38,20,Sales,Chicago,88277,3.5
36,12,Marketing,San Francisco,81318,3.4
43,21,Engineering,San Francisco,116847,4.7
60,40,Engineering,Austin,157452,4.7
57,34,Finance,Chicago,136027,4.3
32,13,Engineering,Chicago,78462,3.7
46,23,Marketing,San Francisco,102353,4.8
32,9,Operations,Denver,60949,1.8
45,24,Marketing,Seattle,105464,5.0
32,14,Engineering,New York,85429,4.9
47,26,Finance,New York,130552,3.5
44,25,Engineering,San Francisco,130725,4.2
22,0,Engineering,Austin,44751,3.4
48,30,Marketing,San Francisco,121134,4.6
31,9,Engineering,Denver,60605,5.0
54,35,Marketing,San Francisco,138039,4.9
38,15,Engineering,Chicago,80933,3.3
42,18,Engineering,New York,102089,3.6
61,37,Engineering,Austin,146332,5.0
60,40,Finance,San Francisco,175136,4.4
51,30,Finance,Chicago,125756,4.0
59,37,Finance,San Francisco,162845,4.4
58,34,Finance,San Francisco,156358,5.0
34,13,HR,San Francisco,78900,4.2
44,23,Engineering,Chicago,118769,3.2
28,8,Operations,Chicago,44170,3.8
56,33,Engineering,San Francisco,151083,2.5
49,28,Marketing,Chicago,104106,4.4
40,18,Finance,San Francisco,101356,4.4
55,32,Marketing,Austin,112037,4.9
58,34,Marketing,New York,136189,5.0
50,26,Engineering,New York,137947,4.5
61,39,Engineering,New York,169836,4.5
31,10,Marketing,New York,74808,3.4
48,29,Finance,Denver,107275,4.3
43,21,HR,Chicago,80305,2.9
41,19,HR,Denver,79524,4.1
47,28,HR,Chicago,96386,3.7
50,31,Engineering,Chicago,135187,5.0
43,22,Engineering,New York,113541,5.0
60,37,Sales,New York,145715,5.0
32,10,Sales,New York,66093,5.0
40,16,Engineering,Austin,90399,3.6
45,25,Engineering,Austin,123144,4.0
49,26,Sales,New York,118598,4.9
58,36,Operations,San Francisco,146012,4.2
23,2,Marketing,Chicago,41428,3.7
56,37,Engineering,Austin,157945,4.5
45,24,HR,San Francisco,97358,4.6
52,31,Sales,Denver,121109,4.3
34,10,Sales,Chicago,65737,4.9
24,2,Finance,Denver,39444,4.1
52,34,HR,New York,129155,5.0
56,33,Engineering,Chicago,134346,3.7
33,11,Engineering,San Francisco,83080,4.7
38,20,Finance,San Francisco,109026,3.8
46,27,Engineering,New York,126330,3.4
46,28,Sales,Austin,106566,4.8
41,23,Sales,Seattle,108335,5.0
55,31,Sales,Chicago,116586,3.5
61,37,HR,Austin,116032,5.0
52,32,Finance,New York,136571,4.5
56,38,Engineering,San Francisco,165787,4.9
45,27,Operations,Seattle,103251,4.9
25,5,Finance,San Francisco,66046,3.1
61,40,Marketing,San Francisco,144646,4.6
58,37,Operations,San Francisco,130418,5.0
55,33,Sales,Austin,124797,2.8
52,33,Engineering,New York,149646,5.0
51,29,Finance,Chicago,126365,3.5
26,3,Engineering,Seattle,45690,4.3
36,14,Sales,Austin,71771,2.9
51,27,Operations,New York,116066,5.0
48,28,Engineering,Denver,124111,3.1
58,40,Operations,San Francisco,142000,5.0
30,10,Engineering,New York,73979,3.8
34,10,Sales,Chicago,66474,3.5
27,5,Engineering,New York,62222,3.1
44,24,Finance,Chicago,101636,5.0
50,29,Sales,San Francisco,123686,4.5
28,6,Marketing,New York,59753,3.9
59,36,Sales,New York,145910,5.0
36,15,Engineering,San Francisco,83936,3.0
25,6,Sales,San Francisco,62590,4.8
41,21,HR,San Francisco,102999,4.1
57,37,Finance,Denver,132685,5.0
39,18,Finance,Denver,85007,4.3
