age,bmi,blood_pressure,cholesterol,smoker,diagnosis
58,23.0,141,164,No,Obesity
38,19.2,111,167,No,Healthy
83,23.9,142,212,Yes,Pre-hypertension
52,22.3,124,171,Yes,Healthy
62,21.7,124,160,No,Healthy
73,28.0,120,162,No,Healthy
18,17.8,102,169,Yes,Healthy
67,21.6,139,195,No,Healthy
56,25.5,147,200,No,Obesity
42,27.8,120,184,No,Healthy
54,21.6,118,173,No,Healthy
69,24.2,127,205,No,Healthy
56,31.4,142,208,No,High Cholesterol
57,21.8,120,197,Yes,Healthy
70,30.1,127,179,No,Healthy
47,21.8,114,168,No,Healthy
40,23.6,129,152,No,Healthy
61,20.8,132,195,No,Healthy
36,20.2,110,166,No,Healthy
52,27.2,131,181,Yes,Healthy
56,20.2,116,180,No,Healthy
24,21.9,114,144,Yes,Healthy
82,27.4,135,209,No,Healthy
48,22.8,117,163,Yes,Healthy
70,18.1,117,142,No,Healthy
48,26.8,112,176,No,Healthy
79,25.1,136,239,No,Healthy
18,25.0,101,144,No,Healthy
49,16.3,114,124,No,Healthy
82,17.8,145,198,Yes,High Cholesterol
70,22.9,124,184,No,Healthy
23,18.8,91,136,No,Healthy
25,25.8,104,165,No,Healthy
21,28.1,102,155,Yes,Healthy
55,21.7,137,195,No,Healthy
37,24.5,120,179,No,Healthy
23,23.1,124,142,Yes,Healthy
56,24.2,118,230,Yes,Healthy
42,27.1,112,171,No,Healthy
27,18.0,97,112,No,Healthy
56,26.1,109,211,No,Healthy
55,20.6,127,170,No,Healthy
21,17.8,117,150,No,Healthy
20,23.2,108,140,No,Healthy
66,23.6,145,173,Yes,Obesity
70,23.4,133,199,No,Healthy
81,26.7,123,244,No,High Cholesterol
69,27.6,137,209,Yes,Healthy
82,27.6,125,220,No,Healthy
82,17.1,122,157,No,Healthy
82,22.5,139,217,No,Healthy
29,19.2,103,155,No,Healthy
79,23.3,135,188,No,Healthy
73,26.6,128,201,No,Healthy
63,22.3,144,170,Yes,Obesity
42,26.1,124,156,No,Healthy
67,22.1,141,134,Yes,High Cholesterol
32,31.2,120,189,No,Healthy
19,17.5,100,154,No,Healthy
56,24.3,128,163,No,Healthy
25,23.5,99,182,No,Healthy
48,22.5,94,158,No,Healthy
46,26.5,124,167,No,Healthy
46,25.2,126,146,Yes,Healthy
27,19.5,101,159,No,Healthy
31,25.0,104,186,No,Healthy
72,18.2,128,182,No,Healthy
50,22.2,116,156,No,Healthy
23,23.2,98,143,No,Healthy
61,33.3,146,192,No,Pre-hypertension
80,28.8,143,241,No,Heart Disease
63,26.7,107,235,No,Healthy
32,26.2,113,180,Yes,Healthy
80,26.5,133,196,No,Healthy
43,21.7,116,176,No,Healthy
79,24.1,133,211,Yes,Healthy
66,22.9,141,217,No,High Cholesterol
47,30.5,142,168,Yes,Diabetes
44,24.7,119,176,No,Healthy
61,24.6,126,183,No,Healthy
41,23.9,124,134,Yes,Healthy
38,22.3,118,162,Yes,Healthy
30,20.6,118,126,No,Healthy
74,30.6,123,223,No,Healthy
75,24.1,135,195,No,Healthy
44,22.9,120,180,No,Healthy
69,24.9,130,194,No,Healthy
78,17.9,128,169,No,Healthy
37,17.3,101,117,No,Healthy
43,21.0,110,130,No,Healthy
81,20.3,120,197,No,Healthy
84,19.2,137,243,Yes,High Cholesterol
48,27.7,113,187,No,Healthy
49,17.1,108,170,No,Healthy
83,27.2,128,219,No,Healthy
38,17.1,103,168,Yes,Healthy
41,21.6,103,181,No,Healthy
50,18.7,107,178,No,Healthy
44,19.3,125,157,Yes,Healthy
77,24.5,125,185,No,Healthy
57,17.3,117,176,No,Healthy
72,25.8,124,208,No,Healthy
50,28.3,120,160,No,Healthy
36,25.9,114,224,No,Healthy
46,27.1,112,152,No,Healthy
66,24.8,114,188,No,Healthy
30,27.8,110,155,No,Healthy
18,24.7,103,192,No,Healthy
41,32.8,126,183,No,Healthy
74,18.3,126,183,No,Healthy
38,25.4,102,172,No,Healthy
53,23.1,122,183,Yes,Healthy
55,23.7,124,185,No,Healthy
31,16.6,100,162,No,Healthy
27,22.8,113,146,Yes,Healthy
74,27.2,133,215,No,Healthy
37,26.2,111,166,No,Healthy
60,27.4,126,191,No,Healthy
82,17.0,114,171,No,Healthy
79,25.4,130,216,No,Healthy
53,26.0,107,177,No,Healthy
27,27.3,108,158,No,Healthy
62,25.9,133,193,Yes,Healthy
39,28.8,125,193,Yes,Healthy
51,24.3,124,191,Yes,Healthy
74,27.1,126,200,No,Healthy
63,17.7,107,167,No,Healthy
29,21.0,108,128,No,Healthy
68,22.3,123,209,No,Healthy
50,23.6,101,177,No,Healthy
31,27.1,113,157,No,Healthy
51,21.6,113,187,Yes,Healthy
71,26.2,137,189,Yes,Healthy
29,18.0,114,150,No,Healthy
60,25.3,107,202,No,Healthy
22,20.4,122,148,No,Healthy
19,18.7,108,128,No,Healthy
80,24.1,129,195,No,Healthy
45,21.9,126,166,No,Healthy
66,22.0,130,149,Yes,Healthy
84,21.9,139,195,No,Healthy
82,28.3,128,221,No,Healthy
83,26.6,123,188,No,Healthy
75,31.3,125,215,No,Healthy
66,21.3,119,188,No,Healthy
70,23.6,117,198,No,Healthy
33,26.0,112,172,Yes,Healthy
80,23.4,130,121,No,Healthy
52,17.6,110,167,No,Healthy
35,24.3,123,186,No,Healthy
59,32.3,137,214,Yes,Pre-hypertension
50,20.3,124,132,No,Healthy
59,19.7,124,195,No,Healthy
21,23.9,103,185,No,Healthy
30,20.7,99,118,No,Healthy
73,21.0,134,147,Yes,Healthy
82,24.2,131,185,No,Healthy
38,23.1,119,173,No,Healthy
19,24.8,125,157,No,Healthy
52,27.5,123,204,No,Healthy
22,18.6,98,158,No,Healthy
63,25.8,122,213,No,Healthy
33,27.6,126,211,No,Healthy
20,32.8,112,170,No,Healthy
45,24.4,110,191,No,Healthy
54,24.2,126,164,Yes,Healthy
71,27.6,130,200,No,Healthy
83,27.7,134,182,No,Healthy
71,24.3,129,214,No,Healthy
51,21.6,135,172,Yes,Healthy
55,21.7,107,170,No,Healthy
63,35.1,138,236,No,Healthy
82,19.4,129,183,No,Healthy
40,21.6,108,151,No,Healthy
60,23.0,131,136,No,Healthy
20,21.0,128,131,Yes,Healthy
47,22.1,121,206,No,Healthy
29,24.9,99,144,No,Healthy
28,23.1,115,185,No,Healthy
59,15.0,118,147,No,Healthy
30,22.8,111,190,No,Healthy
74,29.4,128,210,No,Healthy
27,26.0,113,158,No,Healthy
79,16.4,132,166,Yes,Healthy
24,27.3,126,176,No,Healthy
49,25.3,143,171,Yes,Obesity
63,19.5,105,197,No,Healthy
23,25.1,126,187,Yes,Healthy
25,21.4,104,103,No,Healthy
40,22.4,113,173,No,Healthy
46,24.4,123,184,Yes,Healthy
31,15.6,101,164,No,Healthy
60,23.5,132,177,No,Healthy
18,16.9,92,154,No,Healthy
83,29.9,138,198,No,Healthy
43,15.0,127,137,No,Healthy
61,22.2,116,166,Yes,Healthy
61,21.0,125,161,Yes,Healthy
78,25.2,129,215,No,Healthy
38,24.6,119,195,No,Healthy
71,28.5,151,237,Yes,Pre-hypertension
22,20.2,111,154,No,Healthy
29,23.3,108,152,No,Healthy
52,19.9,116,140,No,Healthy
40,25.5,121,202,No,Healthy
40,28.6,118,194,No,Healthy
63,19.5,132,179,Yes,Healthy
74,20.0,115,257,No,Obesity
45,22.4,114,177,No,Healthy
81,28.6,152,212,No,Obesity
71,25.4,138,190,No,Healthy
22,15.6,105,121,No,Healthy
65,18.6,142,208,Yes,Obesity
59,24.6,123,193,No,Healthy
56,31.2,114,212,No,Healthy
62,20.2,132,194,Yes,Healthy
28,19.8,118,118,Yes,Healthy
18,17.4,85,132,No,Healthy
46,21.7,117,157,No,Healthy
32,27.3,118,207,No,Healthy
78,22.9,150,182,No,Obesity
66,15.0,121,140,No,Healthy
38,19.6,124,149,No,Healthy
29,16.9,130,148,Yes,Healthy
21,23.3,117,149,No,Healthy
30,24.9,121,189,Yes,Healthy
26,19.2,113,182,No,Healthy
25,20.4,112,154,No,Healthy
43,28.6,110,156,No,Healthy
62,27.7,128,211,No,Healthy
26,22.1,95,118,No,Healthy
61,17.1,115,133,Yes,Healthy
36,23.2,110,171,No,Healthy
62,24.7,120,209,No,Healthy
80,25.8,130,220,No,Healthy
25,15.6,102,135,No,Healthy
41,15.0,112,164,No,Healthy
62,28.1,117,167,No,Healthy
48,34.1,123,178,No,Healthy
26,15.4,111,152,No,Healthy
58,24.2,142,167,Yes,High Cholesterol
65,25.7,139,169,No,Healthy
81,25.7,149,198,No,Obesity
33,25.5,104,205,No,Healthy
22,22.3,103,171,No,Healthy
53,28.4,121,223,No,Healthy
68,18.2,125,172,Yes,Healthy
54,22.0,117,172,No,Healthy
48,28.9,122,208,No,Healthy
33,16.9,90,112,No,Healthy
55,24.8,119,191,No,Healthy
80,19.9,119,134,No,Healthy
56,26.6,120,180,Yes,Healthy
45,21.9,110,175,Yes,Healthy
44,17.5,125,159,No,Healthy
19,25.9,102,178,No,Healthy
24,15.0,100,146,No,Healthy
73,24.8,132,164,No,Healthy
71,25.4,132,169,Yes,Healthy
71,23.4,127,245,No,High Cholesterol
76,23.1,126,161,No,Healthy
28,20.3,101,146,No,Healthy
28,21.4,104,152,No,Healthy
26,17.7,110,151,Yes,Healthy
49,19.7,119,181,No,Healthy
24,24.5,118,125,Yes,Healthy
49,21.2,125,165,Yes,Healthy
42,28.6,130,223,No,Healthy
63,24.8,135,218,No,Healthy
66,21.7,125,189,No,Healthy
39,23.1,107,191,No,Healthy
56,17.9,127,188,No,Healthy
33,22.2,124,139,Yes,Healthy
55,18.7,118,175,No,Healthy
33,25.9,105,147,No,Healthy
55,30.7,126,217,No,Healthy
65,24.2,129,235,Yes,Healthy
34,20.7,116,165,No,Healthy
35,22.1,106,153,No,Healthy
53,22.2,123,203,No,Healthy
52,24.7,133,154,No,Healthy
73,26.7,122,191,No,Healthy
48,26.9,104,156,No,Healthy
65,26.2,131,213,No,Healthy
41,25.7,112,179,No,Healthy
45,23.3,119,228,Yes,Healthy
60,17.2,115,194,Yes,Healthy
27,20.8,97,131,No,Healthy
33,22.0,101,157,No,Healthy
18,19.8,111,139,Yes,Healthy
72,16.1,108,216,No,Healthy
64,19.1,119,171,Yes,Healthy
25,25.6,122,141,Yes,Healthy
70,21.5,125,171,No,Healthy
52,26.5,115,184,No,Healthy
26,23.0,118,148,No,Healthy
66,25.7,130,192,No,Healthy
27,24.4,106,133,No,Healthy
60,27.7,118,211,No,Healthy
29,19.8,104,162,No,Healthy
84,24.5,127,211,No,Healthy
61,24.1,121,216,Yes,Healthy
83,28.9,147,223,No,Obesity
79,19.7,135,169,No,Healthy
58,28.1,132,193,No,Healthy
27,25.6,113,179,No,Healthy
30,26.3,122,154,Yes,Healthy
24,19.0,100,159,No,Healthy
80,30.9,135,220,No,Healthy
48,29.1,128,194,Yes,Healthy
31,18.4,103,139,No,Healthy
77,29.4,137,188,No,Healthy
47,24.5,116,191,No,Healthy
51,20.8,111,144,No,Healthy
56,25.7,113,193,No,Healthy
25,21.8,106,175,No,Healthy
83,25.2,116,179,No,Healthy
70,18.2,123,183,No,Healthy
56,16.7,122,161,No,Healthy
57,18.0,136,183,No,Healthy
35,20.5,104,138,No,Healthy
81,24.7,131,184,No,Healthy
38,17.7,105,147,No,Healthy
55,20.6,117,186,No,Healthy
52,28.7,112,169,No,Healthy
49,25.9,129,164,Yes,Healthy
31,23.9,114,140,No,Healthy
37,17.0,109,194,No,Healthy
78,23.4,122,176,No,Healthy
18,19.5,106,130,No,Healthy
39,23.0,110,173,No,Healthy
30,22.2,118,149,Yes,Healthy
53,26.4,120,177,No,Healthy
22,24.7,121,166,No,Healthy
63,21.6,123,178,No,Healthy
65,22.4,125,224,No,Healthy
76,27.4,138,221,No,Healthy
31,18.4,102,150,No,Healthy
82,28.7,137,219,No,Healthy
52,31.6,119,184,No,Healthy
39,20.9,105,153,No,Healthy
39,27.3,117,209,No,Healthy
37,15.0,104,123,No,Healthy
68,28.5,131,190,Yes,Healthy
39,19.4,110,147,No,Healthy
65,18.6,120,187,No,Healthy
33,15.9,91,143,No,Healthy
27,17.7,107,130,No,Healthy
51,19.2,118,137,No,Healthy
33,25.7,123,157,No,Healthy
42,25.7,104,195,No,Healthy
43,19.0,114,177,No,Healthy
49,18.8,119,164,No,Healthy
73,17.5,111,166,No,Healthy
28,22.6,103,144,No,Healthy
26,24.4,115,177,Yes,Healthy
51,26.7,121,141,Yes,Healthy
64,22.3,131,196,No,Healthy
78,16.0,133,208,No,Healthy
46,21.1,119,164,No,Healthy
74,27.7,115,242,No,High Cholesterol
29,18.4,109,126,Yes,Healthy
36,23.3,120,140,No,Healthy
67,30.8,143,228,Yes,Diabetes
28,23.6,88,173,No,Healthy
59,26.0,135,193,No,Healthy
63,26.3,129,224,No,Healthy
70,26.2,123,217,No,Healthy
55,20.9,125,193,Yes,Healthy
36,30.8,111,210,No,Healthy
26,19.2,104,151,No,Healthy
69,28.2,132,210,No,Healthy
55,24.3,127,140,No,Healthy
42,24.1,119,152,No,Healthy
66,23.4,143,209,Yes,Pre-hypertension
64,26.7,120,209,No,Healthy
65,23.0,142,163,No,Obesity
29,20.6,112,166,No,Healthy
60,21.4,130,176,Yes,Healthy
82,25.3,131,176,No,Healthy
80,21.5,135,168,No,Healthy
76,22.6,119,182,No,Healthy
70,21.5,128,142,No,Healthy
30,24.5,98,179,No,Healthy
36,30.2,129,204,No,Healthy
44,16.6,120,159,No,Healthy
52,22.7,111,171,No,Healthy
19,22.4,115,148,No,Healthy
62,24.6,122,154,No,Healthy
65,16.0,111,149,No,Healthy
51,26.0,131,174,No,Healthy
49,26.8,114,203,No,Healthy
43,18.8,130,147,Yes,Healthy
82,22.5,140,219,No,Healthy
24,30.2,117,176,Yes,Pre-hypertension
52,31.0,114,179,No,Healthy
72,28.3,127,208,No,Healthy
25,19.4,91,136,No,Healthy
40,20.2,108,171,No,Healthy
65,25.8,126,188,No,Healthy
28,23.0,108,191,No,Healthy
31,16.8,113,173,Yes,Healthy
47,24.6,121,187,Yes,Healthy
69,27.9,127,226,No,Healthy
42,20.3,118,161,No,Healthy
81,27.4,138,172,No,Healthy
64,27.5,130,183,No,Healthy
54,24.0,107,188,No,Healthy
19,26.4,113,175,No,Healthy
34,23.2,98,157,No,Healthy
68,24.8,131,213,No,Healthy
66,29.4,129,222,No,Healthy
37,24.0,108,167,No,Healthy
34,23.2,102,155,No,Healthy
19,21.2,109,111,No,Healthy
75,22.9,119,207,No,Healthy
70,17.4,127,164,Yes,Healthy
26,24.4,112,151,No,Healthy
18,23.1,101,137,No,Healthy
61,18.5,123,180,No,Healthy
83,19.1,125,173,No,Healthy
23,21.5,110,156,No,Healthy
71,28.2,134,223,No,Healthy
26,18.7,105,183,No,Healthy
73,30.4,143,217,Yes,Heart Disease
59,22.9,144,125,Yes,Obesity
46,29.2,116,175,No,Healthy
28,23.9,109,153,Yes,Healthy
82,28.6,143,219,No,Pre-hypertension
84,22.8,126,173,No,Healthy
59,25.5,113,232,No,Healthy
79,23.2,131,185,No,Healthy
63,24.4,142,175,Yes,Obesity
54,27.4,131,182,No,Healthy
80,30.5,140,187,No,Healthy
69,19.7,138,152,Yes,Healthy
29,23.5,103,158,No,Healthy
79,25.6,135,220,No,Healthy
57,27.7,127,183,No,Healthy
47,27.5,130,188,Yes,Healthy
81,23.9,136,178,No,Healthy
33,18.8,103,174,Yes,Healthy
34,23.2,103,179,No,Healthy
29,28.9,99,163,No,Healthy
37,24.6,126,168,No,Healthy
68,27.6,133,208,No,Healthy
27,20.7,107,147,No,Healthy
29,29.9,129,180,Yes,Healthy
64,21.1,118,188,No,Healthy
40,24.1,112,139,No,Healthy
18,21.1,103,151,Yes,Healthy
55,20.0,115,178,No,Healthy
43,25.5,111,159,No,Healthy
42,25.7,122,203,No,Healthy
50,22.4,122,168,Yes,Healthy
49,25.8,119,121,No,Healthy
33,21.9,107,160,No,Healthy
31,27.5,114,192,No,Healthy
51,24.1,114,182,No,Healthy
26,16.6,90,148,No,Healthy
59,28.2,132,201,No,Healthy
28,19.2,119,114,Yes,Healthy
84,22.0,149,156,Yes,Obesity
39,20.6,126,140,Yes,Healthy
81,22.7,138,184,No,Healthy
48,24.6,125,193,No,Healthy
60,18.7,119,179,No,Healthy
56,26.2,135,182,No,Healthy
22,16.9,102,181,No,Healthy
71,29.0,119,198,No,Healthy
71,15.0,110,185,No,Healthy
55,20.8,120,160,No,Healthy
40,22.5,119,155,No,Healthy
81,23.6,136,204,Yes,Healthy
48,17.6,104,112,No,Healthy
62,20.7,119,192,No,Healthy
26,20.5,112,172,No,Healthy
82,25.7,139,214,Yes,Healthy
79,25.7,124,189,No,Healthy
77,26.5,145,224,Yes,Pre-hypertension
32,25.2,117,166,No,Healthy
71,26.3,137,209,No,Healthy
29,22.0,101,187,No,Healthy
48,29.2,131,173,No,Healthy
59,28.4,135,185,No,Healthy
29,20.0,115,141,No,Healthy
47,18.8,122,143,Yes,Healthy
76,26.0,142,234,Yes,High Cholesterol
80,28.2,124,213,No,Healthy
54,15.0,119,133,No,Healthy
80,27.1,145,186,No,High Cholesterol
62,23.3,120,151,No,Healthy
76,24.8,128,190,Yes,Healthy
76,28.2,144,187,No,High Cholesterol
47,20.1,116,159,No,Healthy
70,23.8,132,187,No,Healthy
59,19.8,124,181,No,Healthy
77,24.4,123,230,No,Healthy
21,16.5,102,144,No,Healthy
54,22.6,114,169,No,Healthy
52,22.7,114,194,No,Healthy
55,27.0,134,190,No,Healthy
43,23.3,107,160,No,Healthy
60,28.0,142,190,Yes,Pre-hypertension
78,22.3,127,199,No,Healthy
44,31.6,121,171,No,Healthy
80,25.8,147,178,Yes,Pre-hypertension
76,20.4,122,206,No,Healthy
48,19.6,109,161,No,Healthy
32,27.9,107,170,No,Healthy
53,29.5,126,168,No,Healthy
65,24.6,128,221,No,Healthy
20,18.8,97,145,No,Healthy
72,21.2,123,178,No,Healthy
38,22.8,131,150,Yes,Healthy
73,31.0,125,235,No,Healthy
61,20.5,129,153,Yes,Healthy
29,27.0,105,196,No,Healthy
49,26.2,124,187,Yes,Healthy
44,19.0,107,144,No,Healthy
78,25.4,141,206,Yes,Obesity
57,27.5,125,191,No,Healthy
18,22.6,110,152,Yes,Healthy
61,24.3,131,168,No,Healthy
18,18.2,100,136,No,Healthy
28,35.6,115,176,No,Healthy
30,28.5,114,146,No,Healthy
36,29.8,105,205,No,Healthy
58,23.5,124,149,Yes,Healthy
71,28.4,132,203,No,Healthy
44,23.9,128,194,No,Healthy
18,18.1,119,138,No,Healthy
44,22.2,119,165,No,Healthy
75,21.2,124,178,No,Healthy
76,19.9,137,153,Yes,Healthy
26,21.0,110,173,No,Healthy
48,25.6,123,156,No,Healthy
74,27.4,145,203,No,Pre-hypertension
80,25.5,118,196,No,Healthy
31,22.2,105,180,No,Healthy
76,19.9,126,180,No,Healthy
55,28.4,115,204,No,Healthy
58,23.5,125,173,No,Healthy
69,25.2,120,181,No,Healthy
82,24.0,136,212,No,Healthy
43,23.4,109,179,No,Healthy
24,18.6,94,142,Yes,Healthy
44,25.5,121,167,No,Healthy
48,19.2,112,178,No,Healthy
77,19.8,124,197,No,Healthy
20,16.7,106,161,Yes,Healthy
24,21.8,113,184,No,Healthy
71,24.8,130,226,No,Healthy
77,23.7,142,206,Yes,High Cholesterol
70,23.1,133,152,No,Healthy
33,21.2,92,143,No,Healthy
70,24.5,135,152,No,Healthy
83,22.8,114,216,No,Healthy
82,26.0,135,226,No,Healthy
26,21.0,110,185,No,Healthy
19,15.2,117,152,Yes,Healthy
18,26.0,117,151,No,Healthy
52,20.1,117,177,No,Healthy
35,23.9,115,126,Yes,Healthy
31,15.0,114,129,No,Healthy
72,21.3,133,209,No,Healthy
28,24.6,116,171,No,Healthy
71,37.9,129,213,No,Healthy
27,24.1,118,141,No,Healthy
67,20.4,124,183,No,Healthy
69,25.3,130,209,No,Healthy
78,24.6,129,217,No,Healthy
64,19.1,118,177,No,Healthy
36,27.5,120,173,No,Healthy
51,23.0,130,165,Yes,Healthy
36,22.5,107,132,No,Healthy
44,17.8,112,153,No,Healthy
69,19.6,136,153,Yes,Healthy
79,22.5,132,203,No,Healthy
50,18.0,112,152,No,Healthy
38,19.3,102,140,No,Healthy
37,17.4,111,177,No,Healthy
61,24.6,128,180,Yes,Healthy
38,21.0,110,168,No,Healthy
48,18.8,127,143,Yes,Healthy
34,30.7,119,176,No,Healthy
28,15.0,103,147,No,Healthy
39,21.3,109,144,No,Healthy
25,20.8,117,167,No,Healthy
64,23.2,124,201,No,Healthy
58,19.1,134,187,Yes,Healthy
57,23.0,116,162,No,Healthy
73,27.9,145,223,Yes,Pre-hypertension
69,21.8,121,161,No,Healthy
77,25.3,145,221,Yes,High Cholesterol
62,24.7,119,183,No,Healthy
80,19.6,130,196,No,Healthy
29,19.9,106,159,No,Healthy
59,24.8,138,172,No,Healthy
23,26.4,124,135,No,Healthy
66,23.9,129,154,No,Healthy
26,26.6,129,200,Yes,Healthy
30,18.4,103,174,No,Healthy
68,17.9,103,135,No,Healthy
63,24.7,121,196,No,Healthy
35,22.6,108,159,No,Healthy
52,22.2,120,192,No,Healthy
47,29.6,131,153,Yes,Healthy
29,24.7,112,155,No,Healthy
83,24.5,130,167,No,Healthy
79,23.5,154,157,Yes,Obesity
32,22.3,120,180,No,Healthy
22,22.9,113,145,No,Healthy
73,29.9,141,226,Yes,High Cholesterol
32,15.8,95,148,No,Healthy
57,25.4,121,155,No,Healthy
84,24.1,132,199,No,Healthy
34,25.9,117,176,No,Healthy
21,24.5,121,202,Yes,Healthy
64,25.5,150,193,Yes,Obesity
76,22.3,142,224,Yes,High Cholesterol
31,16.1,115,191,Yes,Healthy
60,27.6,132,203,Yes,Healthy
71,23.6,133,205,Yes,Healthy
45,24.0,113,171,No,Healthy
40,25.8,123,169,Yes,Healthy
27,22.5,109,153,No,Healthy
68,21.8,114,215,No,Healthy
83,23.9,140,205,No,Healthy
70,23.2,112,158,No,Healthy
44,18.5,132,108,Yes,Healthy
21,24.2,103,142,No,Healthy
77,25.3,128,189,No,Healthy
35,19.0,112,151,No,Healthy
34,22.5,124,139,No,Healthy
26,23.6,105,144,Yes,Healthy
35,19.9,108,131,Yes,Healthy
75,22.3,125,207,No,Healthy
60,22.6,137,176,Yes,Healthy
26,26.3,113,172,No,Healthy
54,27.7,114,189,No,Healthy
57,24.2,131,168,No,Healthy
22,24.0,117,174,No,Healthy
53,24.9,131,178,Yes,Healthy
39,25.0,102,167,No,Healthy
24,17.5,102,147,No,Healthy
44,23.3,121,165,No,Healthy
31,24.8,122,185,No,Healthy
57,15.0,125,143,No,Healthy
67,18.7,124,188,Yes,Healthy
53,29.1,120,229,No,Healthy
43,22.8,108,158,No,Healthy
54,25.9,128,162,No,Healthy
35,19.3,112,147,No,Healthy
57,26.5,128,174,No,Healthy
22,22.8,110,181,No,Healthy
40,20.5,114,167,No,Healthy
56,24.1,110,205,No,Healthy
83,21.0,129,199,No,Healthy
65,18.3,125,158,Yes,Healthy
50,17.5,125,163,Yes,Healthy
61,15.0,120,185,No,Healthy
52,21.8,115,180,No,Healthy
80,21.2,115,175,No,Healthy
41,25.2,119,155,No,Healthy
44,24.8,130,169,No,Healthy
69,22.2,122,168,No,Healthy
63,23.2,117,218,No,Healthy
55,22.0,122,143,No,Healthy
65,15.0,121,176,No,Healthy
63,24.4,131,172,No,Healthy
73,23.1,145,192,No,Pre-hypertension
54,25.9,124,171,No,Healthy
56,28.5,139,204,Yes,Healthy
47,28.8,130,179,No,Healthy
81,28.0,137,201,No,Healthy
41,15.0,119,172,No,Healthy
79,27.4,138,187,Yes,Healthy
51,24.1,107,177,No,Healthy
19,18.6,99,160,No,Healthy
43,26.5,110,146,No,Healthy
38,20.6,115,160,No,Healthy
25,25.5,129,155,No,Healthy
40,31.0,144,226,Yes,Heart Disease
77,22.2,132,210,No,Healthy
47,25.9,119,175,No,Healthy
82,28.5,155,220,No,Pre-hypertension
79,28.3,129,168,No,Healthy
46,20.3,113,134,No,Healthy
73,15.6,138,174,Yes,Healthy
40,29.5,117,166,No,Healthy
38,20.8,114,161,No,Healthy
20,20.8,101,123,No,Healthy
68,21.5,130,192,No,Healthy
54,19.6,130,159,No,Healthy
38,25.2,113,173,No,Healthy
27,26.7,105,204,No,Healthy
67,27.7,125,180,No,Healthy
45,22.8,130,137,Yes,Healthy
47,25.0,132,170,No,Healthy
60,18.1,116,211,No,Healthy
47,27.5,111,176,No,Healthy
48,20.5,111,148,No,Healthy
83,19.1,146,175,Yes,Pre-hypertension
34,23.5,116,157,No,Healthy
75,22.1,130,172,No,Healthy
68,32.5,118,202,No,Healthy
70,25.8,129,213,No,Healthy
48,26.6,109,184,No,Healthy
33,30.0,131,182,No,Healthy
66,19.8,132,170,No,Healthy
81,22.1,139,195,No,Healthy
41,29.2,130,160,No,Healthy
70,24.5,138,204,Yes,Healthy
57,24.9,121,223,No,Healthy
19,25.0,110,178,No,Healthy
38,23.8,116,164,No,Healthy
20,21.9,97,171,No,Healthy
19,21.2,101,147,Yes,Healthy
66,23.9,123,172,No,Healthy
35,25.5,128,169,Yes,Healthy
64,27.3,138,194,No,Healthy
62,17.5,125,187,No,Healthy
47,19.9,130,177,No,Healthy
37,16.8,112,169,No,Healthy
47,23.8,111,174,No,Healthy
73,24.9,147,158,Yes,Obesity
70,30.0,131,184,No,Healthy
62,18.7,142,178,Yes,Obesity
44,20.5,127,150,Yes,Healthy
75,21.9,128,195,No,Healthy
36,23.4,101,141,No,Healthy
56,25.7,141,199,No,High Cholesterol
77,27.3,144,176,No,High Cholesterol
78,27.5,127,210,No,Healthy
47,26.3,125,195,Yes,Healthy
41,24.5,112,171,No,Healthy
45,23.4,130,196,No,Healthy
19,24.2,89,177,No,Healthy
37,21.7,101,159,No,Healthy
29,24.4,108,185,No,Healthy
18,23.7,94,158,No,Healthy
72,27.7,141,199,Yes,Pre-hypertension
57,22.6,122,190,No,Healthy
28,15.0,101,141,No,Healthy
26,21.1,108,110,No,Healthy
45,25.1,118,154,No,Healthy
55,24.5,129,209,Yes,Healthy
64,25.0,133,221,No,Healthy
80,22.8,132,220,Yes,Healthy
48,26.4,106,167,No,Healthy
67,23.9,134,146,No,Healthy
37,19.1,119,160,No,Healthy
26,22.6,135,185,Yes,Healthy
23,19.1,100,148,No,Healthy
42,28.5,113,147,No,Healthy
49,30.7,128,204,No,Healthy
67,22.4,137,183,Yes,Healthy
83,30.5,148,200,No,Obesity
49,27.1,127,196,No,Healthy
54,25.4,119,157,No,Healthy
18,23.8,85,174,No,Healthy
34,19.8,107,150,No,Healthy
42,15.0,121,128,No,Healthy
27,22.8,107,191,No,Healthy
46,29.1,121,187,No,Healthy
33,20.3,114,126,Yes,Healthy
56,22.6,124,190,No,Healthy
25,23.3,115,161,No,Healthy
84,24.7,128,218,No,Healthy
74,29.6,135,172,No,Healthy
74,21.1,111,149,No,Healthy
75,27.9,138,191,No,Healthy
46,16.0,113,147,No,Healthy
80,20.1,128,200,No,Healthy
31,24.6,91,175,Yes,Healthy
30,22.0,130,186,Yes,Healthy
77,27.7,136,207,Yes,Healthy
51,18.1,117,164,No,Healthy
77,23.7,137,205,No,Healthy
70,27.5,156,219,Yes,High Cholesterol
60,20.4,122,190,No,Healthy
27,26.4,103,149,No,Healthy
48,24.0,122,186,No,Healthy
37,25.5,133,176,Yes,Healthy
79,16.3,138,179,No,Healthy
51,24.1,123,153,No,Healthy
49,18.7,121,200,No,Healthy
69,21.9,121,198,No,Healthy
44,23.9,124,157,No,Healthy
61,19.4,136,166,No,Healthy
53,15.0,113,163,No,Healthy
67,22.7,141,183,Yes,Obesity
43,31.3,121,178,No,Healthy
22,27.9,101,176,No,Healthy
61,27.8,123,175,No,Healthy
79,23.5,119,171,No,Healthy
43,19.1,113,158,No,Healthy
61,25.2,125,214,No,Healthy
34,22.4,121,179,No,Healthy
30,17.2,128,125,Yes,Healthy
28,25.9,114,198,No,Healthy
45,22.4,119,178,No,Healthy
73,24.6,120,190,No,Healthy
46,22.7,130,144,No,Healthy
24,21.2,99,114,No,Healthy
64,25.7,122,179,No,Healthy
35,18.3,116,115,Yes,Healthy
76,30.3,137,198,No,Healthy
53,26.3,131,206,No,Healthy
33,23.3,108,143,No,Healthy
28,17.7,126,173,Yes,Healthy
40,25.9,128,194,Yes,Healthy
41,16.2,108,168,No,Healthy
54,27.0,128,178,Yes,Healthy
58,20.1,136,183,Yes,Healthy
44,26.1,122,202,No,Healthy
23,21.5,117,158,Yes,Healthy
26,27.7,111,160,No,Healthy
61,19.7,122,206,No,Healthy
19,15.0,116,133,No,Healthy
20,24.8,112,182,No,Healthy
75,20.1,133,200,No,Healthy
61,22.3,127,171,No,Healthy
19,22.1,105,150,No,Healthy
31,23.3,111,105,No,Healthy
42,25.1,122,162,No,Healthy
56,19.0,125,209,Yes,Healthy
69,19.3,121,164,No,Healthy
65,24.7,136,179,Yes,Healthy
29,23.7,113,154,No,Healthy
54,25.8,110,167,No,Healthy
44,18.8,114,160,No,Healthy
70,21.7,137,164,No,Healthy
81,20.8,133,222,No,Healthy
76,24.0,129,183,No,Healthy
35,30.7,106,180,No,Healthy
24,15.0,95,174,No,Healthy
82,19.5,126,163,No,Healthy
80,30.2,137,236,No,Healthy
62,26.9,124,202,No,Healthy
82,21.6,134,163,No,Healthy
42,24.4,138,177,No,Healthy
67,32.7,144,191,No,Obesity
46,20.1,120,154,No,Healthy
82,25.7,130,184,No,Healthy
65,26.8,123,185,No,Healthy
44,24.9,116,182,No,Healthy
48,22.4,124,127,No,Healthy
66,19.2,123,167,No,Healthy
31,25.9,131,172,No,Healthy
65,27.8,122,198,No,Healthy
64,23.9,114,174,No,Healthy
39,16.2,107,120,No,Healthy
61,26.4,138,187,Yes,Healthy
55,18.9,122,168,Yes,Healthy
78,17.4,129,188,No,Healthy
27,26.8,125,203,Yes,Healthy
25,24.1,99,169,No,Healthy
64,26.2,130,219,No,Healthy
37,24.1,108,165,No,Healthy
33,24.1,119,187,No,Healthy
73,32.7,149,208,No,Pre-hypertension
64,28.9,134,203,No,Healthy
44,19.9,100,157,No,Healthy
73,20.3,112,175,No,Healthy
54,26.6,129,200,No,Healthy
65,25.4,128,197,No,Healthy
77,26.2,128,189,No,Healthy
26,16.7,94,146,No,Healthy
59,15.4,129,183,No,Healthy
56,16.5,107,186,No,Healthy
54,20.2,127,158,Yes,Healthy
30,15.2,107,142,No,Healthy
41,16.5,112,156,Yes,Healthy
45,16.8,120,157,No,Healthy
77,23.1,133,205,No,Healthy
75,24.6,133,196,No,Healthy
18,19.9,106,176,No,Healthy
43,17.4,108,163,No,Healthy
19,17.3,100,127,Yes,Healthy
32,19.0,124,148,Yes,Healthy
67,26.0,132,221,No,Healthy
62,30.6,131,171,No,Healthy
62,28.9,142,199,No,Obesity
83,20.5,135,225,No,Healthy
82,25.0,131,216,No,Healthy
76,27.6,121,162,No,Healthy
24,23.7,106,149,No,Healthy
53,28.2,133,223,Yes,Healthy
22,19.3,125,105,Yes,Healthy
66,24.2,134,196,No,Healthy
18,23.2,122,184,Yes,Healthy
42,28.6,121,163,No,Healthy
79,28.3,126,180,No,Healthy
67,27.4,145,194,Yes,Obesity
22,15.2,107,154,No,Healthy
60,29.2,121,199,No,Healthy
31,23.2,110,166,No,Healthy
60,18.6,123,180,No,Healthy
59,23.8,120,198,No,Healthy
34,25.1,111,157,No,Healthy
20,21.1,116,145,Yes,Healthy
33,24.7,117,157,No,Healthy
37,17.5,105,161,No,Healthy
38,31.9,121,210,No,Healthy
83,22.0,121,226,No,Healthy
56,23.5,109,170,No,Healthy
46,16.9,125,157,No,Healthy
55,17.6,124,126,Yes,Healthy
18,23.8,113,132,Yes,Healthy
42,20.2,113,163,No,Healthy
76,21.0,131,212,No,Healthy
77,26.4,156,219,Yes,Obesity
49,24.3,124,152,No,Healthy
28,21.3,117,149,No,Healthy
50,24.1,121,214,No,Healthy
49,23.9,127,188,Yes,Healthy
37,18.7,108,166,No,Healthy
37,22.3,125,178,Yes,Healthy
57,21.2,123,172,No,Healthy
77,23.9,132,205,No,Healthy
80,18.0,122,189,No,Healthy
39,26.9,120,162,No,Healthy
81,22.0,126,158,No,Healthy
81,28.4,143,207,No,Obesity
56,29.2,133,220,Yes,Healthy
22,20.2,117,133,Yes,Healthy
33,30.2,124,183,Yes,Pre-hypertension
71,20.9,117,190,No,Healthy
74,23.6,135,213,No,Healthy
60,21.5,134,182,No,Healthy
65,21.0,139,156,Yes,Healthy
41,21.7,112,178,No,Healthy
33,21.1,116,148,No,Healthy
24,19.4,114,151,No,Healthy
72,23.6,116,216,No,Healthy
48,23.7,127,187,No,Healthy
83,26.5,125,203,No,Healthy
26,22.7,112,190,Yes,Healthy
31,22.6,105,167,No,Healthy
82,25.0,133,176,No,Healthy
30,29.6,112,163,No,Healthy
38,20.2,122,176,Yes,Healthy
54,17.9,140,175,Yes,Healthy
42,23.7,107,132,No,Healthy
78,27.0,145,154,Yes,Pre-hypertension
23,22.6,99,159,No,Healthy
62,27.2,141,192,No,Obesity
36,17.6,105,110,No,Healthy
67,26.9,147,199,Yes,Obesity
33,27.7,114,179,No,Healthy
45,24.8,113,141,No,Healthy
18,25.0,120,150,No,Healthy
79,30.3,130,234,No,Healthy
54,23.4,114,171,No,Healthy
51,17.3,117,140,No,Healthy
66,26.6,128,188,No,Healthy
81,28.4,139,244,No,Pre-hypertension
47,19.3,103,129,No,Healthy
79,33.2,146,219,No,Obesity
35,23.0,110,179,No,Healthy
27,25.2,113,184,No,Healthy
25,19.8,105,182,Yes,Healthy
54,19.9,111,134,No,Healthy
82,25.0,136,227,No,Healthy
68,21.4,111,209,No,Healthy
58,27.7,120,198,No,Healthy
21,26.2,111,156,No,Healthy
59,15.0,113,135,Yes,Healthy
44,26.7,112,161,No,Healthy
43,18.2,102,147,No,Healthy
68,33.2,131,195,No,Healthy
30,21.1,119,168,No,Healthy
66,25.3,114,159,No,Healthy
67,22.3,128,179,No,Healthy
79,26.9,128,225,No,Healthy
19,20.2,94,140,No,Healthy
62,23.7,126,166,Yes,Healthy
51,22.8,117,223,No,Healthy
54,26.2,117,211,No,Healthy
77,22.2,118,159,No,Healthy
60,20.7,111,185,No,Healthy
29,22.8,119,172,No,Healthy
41,23.3,137,169,Yes,Healthy
29,22.3,113,158,No,Healthy
40,17.6,106,181,No,Healthy
63,24.5,127,188,No,Healthy
78,21.5,137,189,No,Healthy
28,19.8,111,136,No,Healthy
47,27.6,132,214,No,Healthy
23,17.8,100,152,No,Healthy
34,17.4,114,153,Yes,Healthy
38,20.8,110,168,No,Healthy
63,25.7,127,181,No,Healthy
57,23.9,135,165,No,Healthy
76,23.2,143,175,Yes,Pre-hypertension
44,28.3,110,232,No,Healthy
46,28.8,132,194,No,Healthy
38,15.0,109,160,No,Healthy
31,20.3,113,169,No,Healthy
67,17.2,138,159,Yes,Healthy
28,22.5,115,154,No,Healthy
72,23.5,108,196,No,Healthy
19,25.5,112,161,No,Healthy
83,15.6,123,176,No,Healthy
31,18.2,106,181,No,Healthy
79,22.6,133,206,No,Healthy
69,27.8,147,218,Yes,Pre-hypertension
44,24.9,106,180,No,Healthy
71,28.6,133,174,No,Healthy
34,24.3,110,148,No,Healthy
20,24.1,115,203,No,Healthy
23,19.7,87,106,No,Healthy
36,18.4,108,173,No,Healthy
27,27.5,116,207,No,Healthy
74,21.8,116,222,No,Healthy
46,20.9,113,200,No,Healthy
39,27.9,130,159,Yes,Healthy
35,26.7,99,183,No,Healthy
44,20.4,132,136,No,Healthy
60,27.8,124,198,No,Healthy
66,29.0,136,216,No,Healthy
21,20.6,109,176,Yes,Healthy
51,25.9,127,163,Yes,Healthy
25,27.2,114,151,No,Healthy
31,18.6,88,147,No,Healthy
82,26.5,126,182,No,Healthy
31,19.5,108,180,No,Healthy
29,21.2,115,175,No,Healthy
20,16.3,116,146,No,Healthy
24,19.3,91,151,Yes,Healthy
71,27.9,129,175,No,Healthy
62,21.2,127,199,Yes,Healthy
60,26.4,125,234,No,Healthy
39,26.8,113,172,No,Healthy
34,20.6,121,148,No,Healthy
62,25.1,118,196,No,Healthy
58,21.9,138,167,Yes,Healthy
57,21.4,133,170,Yes,Healthy
70,17.1,131,182,Yes,Healthy
22,23.9,112,155,No,Healthy
49,28.3,110,200,No,Healthy
38,20.4,124,151,No,Healthy
24,19.2,112,161,Yes,Healthy
32,24.1,117,141,No,Healthy
47,22.8,130,210,Yes,Healthy
62,23.0,129,217,No,Healthy
56,32.3,130,198,No,Healthy
68,23.9,124,195,No,Healthy
26,19.4,93,123,No,Healthy
65,21.0,108,172,No,Healthy
63,22.0,124,219,No,Healthy
82,30.9,137,205,No,Healthy
20,24.7,128,122,Yes,Healthy
59,29.4,111,192,No,Healthy
80,21.1,130,201,No,Healthy
60,32.8,122,192,No,Healthy
59,22.6,129,176,Yes,Healthy
28,25.2,117,172,No,Healthy
81,20.2,139,187,No,Healthy
64,22.8,122,163,No,Healthy
77,19.3,132,200,Yes,Healthy
77,25.1,134,214,No,Healthy
58,26.8,116,190,No,Healthy
52,16.8,115,170,No,Healthy
48,21.1,120,220,No,Healthy
61,21.6,129,188,Yes,Healthy
41,21.9,116,159,No,Healthy
64,23.5,120,202,No,Healthy
34,25.5,118,140,No,Healthy
80,25.4,132,214,No,Healthy
57,20.3,123,149,No,Healthy
45,25.6,138,161,Yes,Healthy
39,22.4,106,147,No,Healthy
28,16.6,108,152,No,Healthy
42,28.6,126,198,No,Healthy
56,22.9,127,175,No,Healthy
31,17.4,113,167,No,Healthy
23,21.6,103,174,No,Healthy
28,18.8,129,149,Yes,Healthy
31,17.6,108,182,No,Healthy
80,26.9,142,234,Yes,Pre-hypertension
33,17.2,113,160,No,Healthy
33,18.6,99,178,No,Healthy
55,17.6,121,184,No,Healthy
81,22.9,131,163,No,Healthy
80,24.1,118,203,No,Healthy
75,26.3,130,162,No,Healthy
40,29.5,127,196,No,Healthy
74,23.9,144,204,No,Pre-hypertension
43,19.7,121,158,No,Healthy
22,19.6,102,173,No,Healthy
25,23.2,116,137,No,Healthy
19,20.8,104,178,No,Healthy
62,26.5,135,205,No,Healthy
20,25.5,107,156,No,Healthy
74,21.6,125,192,No,Healthy
80,25.1,142,178,Yes,High Cholesterol
77,25.8,143,208,No,High Cholesterol
59,20.3,109,172,No,Healthy
46,19.3,107,203,No,Healthy
50,22.6,130,152,Yes,Healthy
36,19.2,104,183,No,Healthy
22,22.7,106,162,No,Healthy
23,27.5,97,143,No,Healthy
53,25.5,130,170,No,Healthy
42,23.0,116,154,No,Healthy
22,19.0,117,100,Yes,Healthy
26,29.2,103,153,No,Healthy
75,21.5,133,183,No,Healthy
43,24.1,120,184,No,Healthy
40,21.4,122,190,Yes,Healthy
80,25.9,138,163,No,Healthy
68,28.7,124,187,No,Healthy
37,23.6,95,138,No,Healthy
61,25.3,122,168,No,Healthy
73,28.4,148,212,No,High Cholesterol
80,16.7,119,165,No,Healthy
71,22.2,134,166,Yes,Healthy
54,20.8,123,167,Yes,Healthy
26,15.0,103,127,No,Healthy
29,18.2,109,159,No,Healthy
26,25.7,109,211,No,Healthy
23,27.4,112,174,No,Healthy
80,17.3,124,180,No,Healthy
49,20.0,117,179,No,Healthy
55,25.0,129,171,No,Healthy
53,22.5,117,184,No,Healthy
48,27.7,128,175,No,Healthy
52,23.3,115,194,No,Healthy
28,22.5,121,176,No,Healthy
23,21.0,101,134,No,Healthy
75,21.3,135,204,Yes,Healthy
24,25.8,125,172,Yes,Healthy
69,31.0,137,215,No,Healthy
21,27.9,124,161,No,Healthy
29,22.1,97,159,No,Healthy
72,24.8,130,203,No,Healthy
78,24.2,134,188,No,Healthy
48,25.9,122,173,No,Healthy
63,25.1,130,201,Yes,Healthy
36,24.1,96,154,No,Healthy
71,23.5,120,189,Yes,Healthy
30,15.9,122,155,No,Healthy
81,19.1,145,162,No,High Cholesterol
63,25.4,113,190,No,Healthy
32,22.8,123,180,Yes,Healthy
25,20.8,104,174,No,Healthy
45,18.7,118,137,No,Healthy
43,23.7,120,155,No,Healthy
51,27.2,121,161,No,Healthy
64,25.1,132,182,No,Healthy
33,26.3,104,149,No,Healthy
27,22.8,104,176,No,Healthy
38,16.6,115,145,No,Healthy
75,24.1,143,185,No,Obesity
75,20.3,110,213,No,Healthy
58,27.9,136,156,Yes,Healthy
19,25.0,115,170,Yes,Healthy
60,30.2,129,218,No,Healthy
38,23.8,125,194,No,Healthy
68,19.3,120,188,No,Healthy
61,17.2,108,157,No,Healthy
50,18.9,125,198,Yes,Healthy
80,24.2,120,190,No,Healthy
27,24.7,119,193,No,Healthy
33,24.1,104,174,No,Healthy
42,26.5,114,202,No,Healthy
34,18.7,115,140,Yes,Healthy
68,25.4,131,179,No,Healthy
24,22.7,122,107,Yes,Healthy
62,22.1,128,188,No,Healthy
57,19.0,128,197,Yes,Healthy
31,22.3,106,152,No,Healthy
33,23.6,112,191,No,Healthy
52,19.6,124,186,No,Healthy
57,19.0,117,179,No,Healthy
78,28.5,132,201,No,Healthy
27,24.4,112,152,No,Healthy
23,15.0,116,147,Yes,Healthy
22,22.6,101,164,No,Healthy
49,24.8,120,163,No,Healthy
35,19.6,127,164,Yes,Healthy
42,19.6,94,152,No,Healthy
29,21.5,116,139,No,Healthy
47,26.4,126,173,No,Healthy
61,24.5,118,182,No,Healthy
84,25.1,129,187,No,Healthy
39,17.6,111,171,No,Healthy
25,25.9,107,162,No,Healthy
62,24.9,146,160,Yes,Pre-hypertension
58,19.0,124,124,No,Healthy
47,18.6,108,136,Yes,Healthy
39,18.8,133,155,Yes,Healthy
33,22.2,109,130,No,Healthy
41,21.4,118,138,No,Healthy
46,25.7,104,187,No,Healthy
20,15.8,117,164,Yes,Healthy
48,27.9,119,194,No,Healthy
34,15.0,105,208,No,Healthy
70,20.3,126,140,No,Healthy
82,29.1,145,184,Yes,High Cholesterol
28,27.2,101,218,No,Healthy
41,17.4,103,135,No,Healthy
55,20.1,133,167,No,Healthy
52,24.9,107,204,No,Healthy
18,31.3,103,168,No,Healthy
34,19.0,97,141,No,Healthy
70,20.4,125,172,No,Healthy
65,28.1,135,200,Yes,Healthy
37,22.0,120,171,Yes,Healthy
28,19.1,103,137,Yes,Healthy
75,26.8,149,200,No,High Cholesterol
59,26.3,130,227,No,Healthy
64,28.7,135,201,Yes,Healthy
82,19.0,131,168,No,Healthy
67,22.1,123,195,No,Healthy
66,17.3,125,140,Yes,Healthy
19,21.3,126,147,Yes,Healthy
74,24.3,134,194,No,Healthy
80,23.6,125,220,No,Healthy
26,26.2,112,186,No,Healthy
63,21.9,121,174,No,Healthy
60,28.6,136,199,Yes,Healthy
23,17.7,104,168,Yes,Healthy
32,18.9,109,177,No,Healthy
70,21.6,118,187,No,Healthy
74,30.8,145,202,No,Obesity
25,24.7,121,174,No,Healthy
73,24.1,135,154,No,Healthy
56,24.6,120,146,No,Healthy
82,20.8,123,150,No,Healthy
28,18.5,96,157,No,Healthy
35,23.8,118,183,No,Healthy
75,26.2,130,188,No,Healthy
67,21.4,133,194,Yes,Healthy
66,28.5,122,194,No,Healthy
45,20.2,122,204,No,Healthy
67,16.7,105,150,No,Healthy
45,21.0,116,163,No,Healthy
37,20.5,114,154,Yes,Healthy
80,28.7,136,221,No,Healthy
40,17.5,104,144,Yes,Healthy
59,26.7,134,188,No,Healthy
57,21.7,102,181,No,Healthy
24,23.2,106,155,No,Healthy
29,20.3,108,171,No,Healthy
84,24.7,140,257,No,Obesity
46,16.1,125,149,Yes,Healthy
65,25.0,128,146,No,Healthy
75,22.5,138,227,Yes,Healthy
43,23.4,129,170,No,Healthy
19,18.3,87,138,No,Healthy
21,20.8,116,143,No,Healthy
83,15.8,126,169,No,Healthy
47,23.0,124,142,No,Healthy
26,21.5,102,197,No,Healthy
20,20.9,124,189,No,Healthy
82,22.3,118,158,No,Healthy
77,16.5,132,175,No,Healthy
63,31.3,122,188,No,Healthy
49,22.0,132,166,Yes,Healthy
71,29.6,149,196,Yes,Obesity
49,22.1,117,175,No,Healthy
46,17.9,113,164,No,Healthy
49,21.1,123,176,Yes,Healthy
78,23.3,124,219,No,Healthy
78,23.3,126,181,No,Healthy
82,21.2,129,153,No,Healthy
74,23.8,130,206,No,Healthy
44,24.6,121,178,Yes,Healthy
72,22.8,146,201,Yes,Pre-hypertension
41,22.0,113,151,No,Healthy
28,24.3,113,155,No,Healthy
18,22.9,116,176,Yes,Healthy
26,17.7,104,130,No,Healthy
23,27.3,107,170,No,Healthy
52,23.2,122,198,No,Healthy
55,25.8,123,177,No,Healthy
63,20.3,118,160,No,Healthy
37,20.2,118,202,No,Healthy
75,23.8,128,186,No,Healthy
23,24.8,115,169,Yes,Healthy
47,25.9,122,176,No,Healthy
65,30.9,134,191,Yes,Obesity
51,23.1,125,189,Yes,Healthy
60,22.8,121,179,No,Healthy
65,21.5,121,163,No,Healthy
29,22.8,112,181,Yes,Healthy
54,19.8,131,144,No,Healthy
35,25.7,117,158,Yes,Healthy
74,28.4,130,198,No,Healthy
42,17.1,120,192,No,Healthy
28,21.8,127,178,Yes,Healthy
46,28.6,133,203,No,Healthy
27,18.1,112,165,No,Healthy
81,20.0,118,196,No,Healthy
22,24.6,101,156,No,Healthy
61,18.9,128,160,No,Healthy
40,19.4,115,123,No,Healthy
61,28.9,126,171,No,Healthy
79,24.9,127,193,Yes,Healthy
57,19.3,120,164,No,Healthy
43,22.6,114,186,No,Healthy
63,22.1,123,170,No,Healthy
73,26.5,140,164,Yes,Healthy
58,16.6,126,197,Yes,Healthy
32,20.0,113,150,No,Healthy
84,24.6,143,159,Yes,Obesity
27,17.8,105,186,No,Healthy
22,16.9,95,122,No,Healthy
76,23.0,133,207,No,Healthy
27,21.7,108,122,Yes,Healthy
24,22.0,124,147,Yes,Healthy
46,24.4,127,167,No,Healthy
77,28.9,135,203,No,Healthy
56,31.9,124,159,No,Healthy
36,19.1,116,176,No,Healthy
21,23.1,113,161,Yes,Healthy
66,20.9,124,169,No,Healthy
63,22.6,128,173,No,Healthy
39,25.4,113,150,No,Healthy
70,32.2,153,189,Yes,Hypertension
20,17.0,102,138,No,Healthy
51,27.5,122,194,No,Healthy
36,18.7,90,149,No,Healthy
46,31.6,139,184,Yes,Pre-hypertension
56,25.4,110,208,No,Healthy
83,20.9,130,147,No,Healthy
23,21.2,113,102,Yes,Healthy
82,24.0,139,197,Yes,Healthy
84,25.6,117,198,No,Healthy
23,23.0,106,135,No,Healthy
46,15.0,113,157,No,Healthy
37,24.6,120,181,Yes,Healthy
69,26.4,126,212,No,Healthy
62,27.7,139,188,No,Healthy
80,26.8,118,222,No,Healthy
80,19.9,145,194,Yes,Pre-hypertension
82,20.7,122,184,No,Healthy
52,23.5,117,176,No,Healthy
59,26.4,143,155,Yes,Obesity
51,20.1,116,198,No,Healthy
51,17.4,111,172,No,Healthy
31,15.0,126,124,No,Healthy
67,15.7,142,192,Yes,Obesity
56,24.8,126,144,No,Healthy
25,18.0,118,173,Yes,Healthy
33,20.3,113,164,Yes,Healthy
46,21.9,115,161,No,Healthy
69,24.2,132,165,No,Healthy
44,20.1,116,177,No,Healthy
50,21.8,118,190,No,Healthy
18,20.4,106,138,No,Healthy
81,22.8,126,200,No,Healthy
53,26.2,123,219,No,Healthy
46,28.5,146,155,Yes,High Cholesterol
61,18.6,104,189,No,Healthy
32,22.5,103,141,No,Healthy
70,25.7,126,209,No,Healthy
81,24.3,147,219,Yes,Pre-hypertension
26,28.9,120,171,Yes,Healthy
20,20.8,106,169,No,Healthy
47,21.4,124,218,Yes,Healthy
43,21.4,137,133,Yes,Healthy
64,25.4,122,228,No,Healthy
27,21.0,102,157,No,Healthy
69,35.2,138,206,No,Healthy
62,26.6,122,185,No,Healthy
54,23.6,119,192,No,Healthy
64,25.4,111,228,No,Healthy
51,21.8,112,182,No,Healthy
45,27.6,120,195,No,Healthy
61,17.3,109,157,No,Healthy
44,20.0,124,140,Yes,Healthy
80,25.7,139,220,Yes,Healthy
43,21.2,119,161,No,Healthy
74,27.7,154,150,No,Obesity
77,18.4,138,185,Yes,Healthy
70,21.1,133,172,No,Healthy
75,26.7,132,182,No,Healthy
24,20.1,107,134,No,Healthy
44,20.1,111,187,No,Healthy
40,23.9,109,152,No,Healthy
67,29.1,123,212,No,Healthy
38,16.1,121,139,Yes,Healthy
40,21.2,104,139,No,Healthy
55,27.7,125,219,No,Healthy
29,25.9,121,184,No,Healthy
23,20.9,101,185,No,Healthy
78,22.9,122,192,No,Healthy
78,25.9,143,214,Yes,Obesity
74,26.4,134,241,No,Pre-hypertension
70,25.6,104,183,No,Healthy
48,25.5,103,200,No,Healthy
27,20.9,107,160,No,Healthy
55,28.6,117,205,No,Healthy
64,18.3,119,151,No,Healthy
32,26.7,121,166,No,Healthy
50,24.0,134,138,No,Healthy
46,27.2,116,189,No,Healthy
24,18.6,102,156,No,Healthy
78,19.6,124,169,No,Healthy
35,25.4,140,204,Yes,Healthy
31,25.5,125,181,No,Healthy
64,17.1,108,174,No,Healthy
61,27.8,128,171,Yes,Healthy
43,25.7,105,177,No,Healthy
79,19.8,123,205,No,Healthy
63,29.7,122,182,Yes,Healthy
33,22.7,117,147,No,Healthy
57,29.2,132,190,No,Healthy
70,33.9,139,211,No,Healthy
61,27.8,131,205,Yes,Healthy
62,22.9,130,185,Yes,Healthy
47,29.4,129,165,No,Healthy
27,22.9,119,175,Yes,Healthy
18,25.5,111,164,Yes,Healthy
69,24.2,126,199,No,Healthy
24,21.0,97,129,No,Healthy
48,21.8,115,162,No,Healthy
35,24.3,133,167,No,Healthy
18,22.3,98,161,Yes,Healthy
58,29.6,129,198,No,Healthy
84,36.8,153,200,Yes,Hypertension
57,19.2,133,197,Yes,Healthy
48,15.2,113,146,No,Healthy
22,15.0,96,134,No,Healthy
48,22.0,115,199,No,Healthy
46,32.4,124,187,No,Healthy
42,19.6,100,158,No,Healthy
50,23.6,114,188,No,Healthy
69,22.3,107,193,No,Healthy
21,25.3,104,134,No,Healthy
33,22.4,105,161,No,Healthy
76,23.3,131,220,Yes,Healthy
84,24.6,133,277,No,High Cholesterol
43,16.5,115,137,No,Healthy
45,21.1,110,197,No,Healthy
23,21.7,121,174,No,Healthy
55,28.4,113,202,No,Healthy
78,22.9,129,216,No,Healthy
72,19.1,139,160,No,Healthy
20,24.3,104,157,No,Healthy
72,25.3,129,180,No,Healthy
62,23.3,135,197,No,Healthy
43,15.0,118,176,Yes,Healthy
64,19.4,110,172,No,Healthy
61,27.8,135,203,Yes,Healthy
40,20.6,117,186,No,Healthy
57,27.1,130,183,Yes,Healthy
48,20.9,109,157,No,Healthy
70,27.7,134,142,Yes,Healthy
77,30.2,136,189,No,Healthy
26,21.0,102,162,No,Healthy
66,23.4,137,173,No,Healthy
47,25.5,113,161,No,Healthy
37,19.7,111,193,No,Healthy
83,21.5,149,200,Yes,High Cholesterol
83,28.9,138,231,No,Healthy
41,19.1,96,185,No,Healthy
38,20.2,112,170,No,Healthy
24,28.8,108,197,No,Healthy
66,25.5,134,170,Yes,Healthy
50,20.1,108,193,No,Healthy
59,25.9,122,183,No,Healthy
65,21.2,123,157,No,Healthy
78,25.0,121,151,No,Healthy
56,25.0,108,213,No,Healthy
64,25.5,129,161,No,Healthy
72,20.2,129,204,No,Healthy
23,20.1,113,134,No,Healthy
60,26.8,125,198,No,Healthy
77,32.9,132,243,No,High Cholesterol
19,19.0,103,150,Yes,Healthy
71,25.1,135,173,No,Healthy
43,17.6,116,156,No,Healthy
29,23.4,125,161,No,Healthy
72,26.7,124,176,No,Healthy
61,27.7,123,189,No,Healthy
84,23.6,143,176,No,Obesity
42,21.8,103,163,No,Healthy
58,15.0,111,173,Yes,Healthy
53,19.0,111,192,No,Healthy
71,27.0,136,181,No,Healthy
37,20.2,120,159,No,Healthy
38,22.5,108,186,No,Healthy
31,20.0,106,184,No,Healthy
46,22.9,114,187,Yes,Healthy
77,18.9,141,214,No,Pre-hypertension
21,21.0,121,172,No,Healthy
63,23.8,135,160,Yes,Healthy
33,21.9,106,149,No,Healthy
52,31.2,131,242,No,Obesity
72,21.4,131,179,No,Healthy
58,23.1,116,185,No,Healthy
84,24.2,122,180,No,Healthy
67,29.0,132,192,Yes,Healthy
20,23.0,125,161,No,Healthy
56,18.0,106,154,No,Healthy
18,23.6,101,209,No,Healthy
22,21.6,107,148,No,Healthy
67,29.9,127,238,No,Healthy
77,18.0,131,160,Yes,Healthy
76,28.7,136,185,No,Healthy
53,19.7,118,134,No,Healthy
46,22.9,127,165,No,Healthy
58,22.8,117,180,No,Healthy
52,24.3,122,152,No,Healthy
68,26.1,143,171,Yes,High Cholesterol
21,24.1,118,207,Yes,Healthy
66,23.3,122,194,No,Healthy
68,22.5,124,188,No,Healthy
53,22.4,101,172,No,Healthy
43,22.3,118,186,No,Healthy
43,20.4,116,143,No,Healthy
82,26.9,144,188,Yes,Pre-hypertension
36,16.1,119,132,No,Healthy
32,24.7,95,141,No,Healthy
66,20.1,123,165,No,Healthy
64,25.4,119,217,No,Healthy
32,26.6,127,173,Yes,Healthy
36,25.6,99,193,No,Healthy
75,29.2,138,185,Yes,Healthy
31,20.3,126,183,Yes,Healthy
74,27.0,132,210,No,Healthy
80,26.3,133,207,No,Healthy
53,21.0,122,155,No,Healthy
32,17.6,112,111,No,Healthy
78,20.7,130,192,No,Healthy
72,29.1,123,191,No,Healthy
75,22.9,118,175,No,Healthy
60,27.2,144,189,Yes,Obesity
31,22.5,125,147,No,Healthy
34,24.6,143,209,Yes,Pre-hypertension
58,19.9,126,173,No,Healthy
63,20.4,120,170,No,Healthy
25,17.1,110,154,No,Healthy
39,20.3,110,181,No,Healthy
20,24.9,120,144,No,Healthy
37,20.1,119,157,No,Healthy
47,20.6,94,164,No,Healthy
38,21.8,127,185,Yes,Healthy
19,20.9,105,149,No,Healthy
54,23.9,106,163,No,Healthy
55,20.2,117,182,Yes,Healthy
39,21.9,109,170,No,Healthy
80,16.0,126,180,No,Healthy
53,25.8,119,184,No,Healthy
22,25.8,124,137,Yes,Healthy
53,20.5,101,166,No,Healthy
52,24.6,118,171,No,Healthy
21,20.7,105,139,No,Healthy
70,20.3,129,178,No,Healthy
28,21.9,116,141,Yes,Healthy
76,22.1,125,181,Yes,Healthy
72,21.5,134,178,No,Healthy
25,18.1,99,166,No,Healthy
61,20.6,124,188,No,Healthy
62,29.9,122,200,No,Healthy
82,27.0,142,219,Yes,Pre-hypertension
49,23.5,106,194,No,Healthy
23,20.8,96,166,No,Healthy
23,21.0,97,162,No,Healthy
36,18.3,112,154,No,Healthy
33,15.9,116,122,No,Healthy
64,16.6,140,167,Yes,Healthy
46,17.8,113,190,No,Healthy
50,20.3,115,182,No,Healthy
33,18.4,85,155,No,Healthy
44,17.9,113,144,No,Healthy
69,26.7,127,189,No,Healthy
55,20.5,119,155,No,Healthy
77,28.0,128,213,No,Healthy
38,17.9,123,154,Yes,Healthy
56,27.5,135,236,No,Healthy
43,24.9,126,157,Yes,Healthy
73,27.2,146,183,No,Pre-hypertension
67,30.0,140,230,No,Healthy
24,21.9,116,163,No,Healthy
52,20.6,119,191,No,Healthy
46,25.7,102,180,No,Healthy
80,33.3,140,223,No,Healthy
19,20.5,104,140,No,Healthy
24,20.7,124,100,Yes,Healthy
67,29.7,132,203,No,Healthy
57,24.2,123,130,No,Healthy
30,17.5,91,171,No,Healthy
49,21.5,115,183,No,Healthy
77,27.1,146,220,Yes,Pre-hypertension
36,20.8,111,198,No,Healthy
71,21.5,139,234,No,Healthy
57,27.1,132,195,Yes,Healthy
30,25.6,113,171,No,Healthy
83,30.6,137,216,No,Healthy
27,16.2,105,168,No,Healthy
82,22.0,124,148,No,Healthy
37,22.6,115,158,No,Healthy
39,29.3,128,181,Yes,Healthy
26,24.5,113,157,No,Healthy
80,23.4,138,219,No,Healthy
26,20.8,107,165,No,Healthy
26,24.6,120,177,No,Healthy
41,18.6,103,178,No,Healthy
38,24.3,130,173,Yes,Healthy
65,25.0,126,185,Yes,Healthy
72,28.9,135,223,No,Healthy
80,24.7,131,177,No,Healthy
71,21.6,122,184,No,Healthy
47,16.1,99,123,No,Healthy
47,22.2,132,158,Yes,Healthy
79,34.5,149,231,No,Pre-hypertension
83,28.4,129,231,No,Healthy
32,20.1,109,132,No,Healthy
60,19.8,114,182,No,Healthy
26,20.3,103,136,No,Healthy
64,22.6,146,181,Yes,High Cholesterol
22,21.3,111,147,No,Healthy
33,26.3,123,202,Yes,Healthy
82,31.8,144,197,Yes,Diabetes
28,20.8,105,152,No,Healthy
35,17.3,129,133,Yes,Healthy
20,22.1,122,167,Yes,Healthy
36,19.6,126,162,Yes,Healthy
62,23.0,127,147,No,Healthy
20,15.0,109,136,No,Healthy
51,26.3,103,158,No,Healthy
41,22.4,116,192,No,Healthy
79,32.2,128,227,No,Healthy
27,24.0,112,153,No,Healthy
20,16.3,108,131,No,Healthy
77,20.4,121,156,No,Healthy
57,19.5,108,159,No,Healthy
72,22.5,117,209,No,Healthy
32,26.0,133,144,No,Healthy
62,20.3,110,167,No,Healthy
43,20.3,118,175,No,Healthy
79,31.5,150,244,No,Heart Disease
55,19.7,112,186,No,Healthy
67,27.6,142,200,Yes,Obesity
57,24.1,101,207,No,Healthy
72,23.6,121,183,No,Healthy
55,18.7,115,206,No,Healthy
73,25.5,123,216,No,Healthy
46,16.3,113,171,No,Healthy
72,17.9,137,194,No,Healthy
70,27.9,130,206,No,Healthy
18,21.6,111,157,Yes,Healthy
49,23.8,117,146,No,Healthy
54,31.7,132,194,No,Healthy
67,26.9,126,177,No,Healthy
26,21.2,112,122,No,Healthy
74,20.9,128,188,No,Healthy
39,25.6,97,160,No,Healthy
35,25.0,110,162,No,Healthy
21,27.9,97,199,No,Healthy
79,24.4,120,212,No,Healthy
76,25.9,118,198,No,Healthy
45,25.1,109,178,No,Healthy
52,23.2,119,170,No,Healthy
63,21.0,116,181,No,Healthy
23,23.7,117,171,No,Healthy
41,24.7,120,158,Yes,Healthy
46,26.9,120,189,Yes,Healthy
23,25.4,96,153,No,Healthy
31,26.9,106,166,No,Healthy
82,25.3,130,210,No,Healthy
62,26.7,136,181,No,Healthy
40,27.7,115,188,No,Healthy
32,20.0,110,168,No,Healthy
47,25.0,108,219,No,Healthy
26,23.7,124,167,Yes,Healthy
82,20.4,135,177,No,Healthy
56,23.4,135,177,Yes,Healthy
49,24.1,124,173,No,Healthy
61,23.1,135,204,Yes,Healthy
77,19.1,132,203,No,Healthy
18,20.7,96,129,No,Healthy
45,18.0,97,131,No,Healthy
20,17.2,104,113,Yes,Healthy
48,22.1,119,213,No,Healthy
40,22.4,130,179,No,Healthy
43,20.4,128,159,Yes,Healthy
34,17.0,117,163,No,Healthy
45,23.9,109,175,No,Healthy
77,25.4,126,177,No,Healthy
57,21.4,106,133,No,Healthy
36,27.1,117,162,No,Healthy
67,25.8,131,211,No,Healthy
32,19.8,111,172,No,Healthy
41,27.7,109,180,No,Healthy
81,27.3,131,186,No,Healthy
67,23.0,130,232,No,Healthy
48,18.6,112,167,No,Healthy
54,20.7,123,184,No,Healthy
73,26.1,127,196,No,Healthy
62,22.7,121,210,No,Healthy
54,21.9,124,215,No,Healthy
45,18.9,110,151,No,Healthy
64,23.5,129,218,No,Healthy
28,19.5,107,159,No,Healthy
26,23.5,110,160,No,Healthy
62,28.5,142,186,Yes,High Cholesterol
34,27.9,114,199,No,Healthy
68,26.2,120,198,No,Healthy
53,26.2,114,178,Yes,Healthy
53,22.2,113,149,No,Healthy
68,24.5,119,211,No,Healthy
47,17.6,114,154,No,Healthy
63,23.1,130,180,No,Healthy
24,17.1,112,161,Yes,Healthy
23,21.8,130,158,Yes,Healthy
42,23.7,114,172,No,Healthy
62,25.6,131,207,No,Healthy
63,25.9,127,189,No,Healthy
54,22.9,131,183,Yes,Healthy
51,19.6,125,189,Yes,Healthy
61,21.4,104,193,No,Healthy
58,24.0,116,192,No,Healthy
24,17.7,108,157,No,Healthy
52,24.6,115,211,Yes,Healthy
62,24.2,126,205,No,Healthy
84,27.7,135,197,No,Healthy
49,24.4,124,198,No,Healthy
66,20.7,132,177,Yes,Healthy
67,21.7,107,163,No,Healthy
63,18.5,130,151,No,Healthy
33,21.0,117,119,Yes,Healthy
26,17.1,105,140,No,Healthy
72,23.4,132,159,Yes,Healthy
69,26.8,128,219,No,Healthy
39,21.8,121,162,No,Healthy
64,23.9,137,176,No,Healthy
55,31.7,131,193,No,Healthy
37,17.1,128,143,Yes,Healthy
27,26.3,104,170,No,Healthy
51,24.3,117,167,No,Healthy
22,30.3,100,179,Yes,High Cholesterol
21,21.1,110,153,No,Healthy
57,15.0,116,162,No,Healthy
53,24.6,114,146,No,Healthy
34,24.6,103,156,No,Healthy
57,22.2,125,197,Yes,Healthy
38,23.9,128,201,No,Healthy
55,32.4,141,211,Yes,Hypertension
71,26.7,153,180,Yes,Obesity
25,18.4,107,137,No,Healthy
41,20.5,110,210,No,Healthy
50,22.8,115,139,No,Healthy
43,21.2,124,174,No,Healthy
60,23.4,125,210,No,Healthy
33,20.9,108,130,No,Healthy
24,23.4,121,145,No,Healthy
28,19.3,97,160,Yes,Healthy
58,29.4,130,167,No,Healthy
44,22.1,115,154,No,Healthy
81,22.6,150,199,No,Pre-hypertension
25,18.7,107,133,Yes,Healthy
76,23.3,132,210,No,Healthy
26,29.0,125,168,Yes,Healthy
73,25.8,141,187,Yes,High Cholesterol
29,26.4,98,137,No,Healthy
19,19.6,113,149,No,Healthy
77,25.9,135,215,No,Healthy
47,17.7,118,166,No,Healthy
28,27.7,134,149,Yes,Healthy
36,22.2,122,168,No,Healthy
74,31.5,126,195,No,Healthy
27,20.9,107,158,No,Healthy
42,24.1,135,182,Yes,Healthy
46,22.8,114,163,No,Healthy
54,29.6,135,207,No,Healthy
41,24.6,110,169,No,Healthy
28,23.5,135,164,Yes,Healthy
53,24.2,127,188,No,Healthy
37,23.2,118,164,No,Healthy
76,25.4,138,213,Yes,Healthy
51,26.4,130,167,Yes,Healthy
50,15.5,111,178,No,Healthy
18,24.4,108,142,No,Healthy
74,22.3,128,173,No,Healthy
67,24.6,126,186,No,Healthy
44,24.2,114,201,No,Healthy
71,20.7,131,199,Yes,Healthy
29,21.5,119,138,Yes,Healthy
56,18.8,121,141,No,Healthy
71,31.4,137,184,Yes,High Cholesterol
33,19.4,109,159,No,Healthy
83,27.2,126,190,No,Healthy
73,26.5,134,222,No,Healthy
61,27.4,142,208,No,High Cholesterol
20,22.6,100,152,No,Healthy
20,18.6,118,153,No,Healthy
80,26.9,143,195,No,High Cholesterol
26,19.3,102,145,No,Healthy
46,17.7,112,130,No,Healthy
32,20.3,121,144,Yes,Healthy
30,22.2,119,152,No,Healthy
35,25.9,117,227,Yes,Healthy
21,16.2,103,129,No,Healthy
45,19.7,124,153,No,Healthy
61,24.0,120,228,No,Healthy
23,21.1,115,144,Yes,Healthy
52,29.0,118,230,No,Healthy
83,25.3,131,225,Yes,Healthy
36,17.7,99,121,No,Healthy
22,26.2,106,160,No,Healthy
78,23.8,141,141,No,Obesity
68,21.7,148,186,Yes,Pre-hypertension
21,15.0,97,130,No,Healthy
52,19.3,114,148,No,Healthy
38,20.5,113,142,No,Healthy
81,25.5,133,244,No,Pre-hypertension
23,22.4,104,189,No,Healthy
24,28.3,116,190,No,Healthy
18,25.6,105,167,No,Healthy
52,24.1,127,181,No,Healthy
61,26.3,117,185,No,Healthy
40,22.8,111,174,No,Healthy
46,20.5,130,186,No,Healthy
58,25.1,124,200,No,Healthy
55,20.2,121,170,Yes,Healthy
26,24.4,109,149,No,Healthy
18,20.3,107,115,No,Healthy
61,23.0,127,201,No,Healthy
77,27.6,135,208,No,Healthy
67,23.6,138,192,No,Healthy
42,18.2,105,173,No,Healthy
34,18.2,114,204,No,Healthy
34,27.8,112,158,No,Healthy
70,24.7,126,191,No,Healthy
82,25.2,153,200,Yes,Obesity
20,20.9,106,189,No,Healthy
77,19.8,113,176,No,Healthy
25,21.5,105,163,No,Healthy
39,25.3,124,152,No,Healthy
50,21.8,111,185,No,Healthy
76,25.1,137,185,Yes,Healthy
23,19.9,102,153,No,Healthy
84,24.8,138,212,No,Healthy
26,28.0,111,171,No,Healthy
68,25.5,118,187,No,Healthy
64,31.5,130,226,No,Healthy
29,17.8,94,130,No,Healthy
78,15.0,132,172,No,Healthy
34,23.9,107,147,No,Healthy
37,19.7,120,196,No,Healthy
19,19.3,127,139,Yes,Healthy
63,23.8,124,166,No,Healthy
54,24.6,106,188,No,Healthy
22,19.9,109,166,No,Healthy
30,21.9,118,155,No,Healthy
27,27.7,110,194,No,Healthy
30,30.1,123,205,Yes,High Cholesterol
39,21.9,114,148,No,Healthy
20,15.0,99,113,No,Healthy
51,15.1,113,143,No,Healthy
23,19.0,102,140,No,Healthy
22,22.0,105,131,No,Healthy
82,20.3,135,183,Yes,Healthy
44,22.7,133,149,Yes,Healthy
73,28.3,133,187,No,Healthy
68,24.9,120,225,No,Healthy
21,28.1,90,176,No,Healthy
55,22.3,123,197,Yes,Healthy
61,23.8,140,157,Yes,Healthy
39,18.5,105,123,No,Healthy
76,25.4,128,194,No,Healthy
76,27.2,129,195,No,Healthy
84,23.1,143,173,No,Obesity
69,22.3,128,189,Yes,Healthy
82,26.3,122,190,No,Healthy
41,21.9,104,164,No,Healthy
69,19.0,120,220,Yes,Healthy
46,30.1,129,185,No,Healthy
56,21.7,118,181,Yes,Healthy
42,20.8,117,127,No,Healthy
78,22.0,128,204,No,Healthy
61,22.4,120,160,No,Healthy
42,17.3,115,149,No,Healthy
52,17.5,103,144,No,Healthy
37,17.1,110,125,No,Healthy
58,27.8,121,167,No,Healthy
68,25.1,125,211,No,Healthy
54,23.9,111,211,No,Healthy
40,24.7,112,205,No,Healthy
36,21.2,103,143,No,Healthy
36,26.2,113,150,No,Healthy
58,24.2,127,198,No,Healthy
80,19.8,131,172,No,Healthy
57,15.0,110,178,No,Healthy
34,21.3,115,168,Yes,Healthy
65,23.2,130,191,No,Healthy
72,23.2,137,175,No,Healthy
58,26.8,130,181,No,Healthy
61,20.6,110,197,No,Healthy
41,22.9,110,150,No,Healthy
69,23.2,126,181,No,Healthy
60,25.6,128,171,No,Healthy
68,24.8,138,167,No,Healthy
32,18.9,101,184,No,Healthy
62,21.0,131,160,Yes,Healthy
31,24.7,120,168,No,Healthy
48,21.5,112,181,No,Healthy
21,15.4,117,152,Yes,Healthy
60,24.7,116,186,No,Healthy
39,18.3,113,178,No,Healthy
72,19.0,130,191,Yes,Healthy
31,21.7,97,156,No,Healthy
74,23.6,130,210,Yes,Healthy
55,26.9,126,213,No,Healthy
77,19.3,115,202,No,Healthy
75,21.1,106,186,No,Healthy
44,26.4,117,191,No,Healthy
50,31.9,125,223,No,Healthy
52,23.2,111,170,No,Healthy
27,21.4,127,157,No,Healthy
39,22.1,119,140,No,Healthy
21,19.0,104,160,No,Healthy
37,19.6,109,157,Yes,Healthy
25,25.0,103,146,No,Healthy
48,24.8,109,212,No,Healthy
49,17.6,106,117,No,Healthy
20,25.8,109,144,No,Healthy
63,22.8,121,155,No,Healthy
81,19.6,140,194,Yes,Healthy
26,20.9,100,133,No,Healthy
39,29.9,131,163,No,Healthy
38,21.9,106,162,No,Healthy
30,23.6,114,181,Yes,Healthy
82,29.5,131,228,No,Healthy
41,22.4,111,168,No,Healthy
54,18.4,130,174,No,Healthy
25,23.6,108,153,No,Healthy
25,23.7,101,174,No,Healthy
76,23.7,134,207,No,Healthy
81,24.9,120,221,No,Healthy
18,16.7,125,121,Yes,Healthy
67,21.5,120,187,No,Healthy
42,23.1,111,146,No,Healthy
38,15.0,98,138,No,Healthy
61,37.7,131,240,No,Healthy
54,24.8,125,152,No,Healthy
82,22.1,136,202,No,Healthy
25,17.8,100,156,No,Healthy
31,19.2,99,138,Yes,Healthy
77,22.1,143,188,Yes,Obesity
50,25.2,124,173,No,Healthy
62,25.0,127,151,No,Healthy
29,25.3,105,185,No,Healthy
53,24.4,132,158,No,Healthy
49,21.4,116,180,No,Healthy
26,20.9,116,166,Yes,Healthy
20,15.0,102,135,No,Healthy
49,28.3,130,174,No,Healthy
47,23.5,128,155,No,Healthy
19,17.4,95,130,No,Healthy
47,25.0,111,166,No,Healthy
31,29.7,109,188,No,Healthy
75,23.7,123,192,No,Healthy
23,24.9,130,126,Yes,Healthy
26,26.2,113,167,No,Healthy
23,30.5,129,185,Yes,Obesity
63,27.4,113,196,No,Healthy
76,29.6,151,191,No,High Cholesterol
27,22.5,98,149,No,Healthy
26,26.4,116,204,No,Healthy
29,21.7,119,172,No,Healthy
61,25.1,114,200,No,Healthy
55,17.7,99,206,No,Healthy
62,25.1,126,167,No,Healthy
52,21.4,106,185,No,Healthy
69,23.1,133,197,Yes,Healthy
28,21.5,116,171,Yes,Healthy
42,20.6,122,132,No,Healthy
35,25.8,120,155,No,Healthy
76,21.0,127,182,No,Healthy
73,32.1,141,224,No,High Cholesterol
52,27.5,125,207,No,Healthy
75,19.3,129,210,No,Healthy
66,15.0,123,172,No,Healthy
18,24.6,100,193,No,Healthy
20,18.7,103,144,Yes,Healthy
44,21.0,119,175,No,Healthy
63,30.6,138,210,Yes,Pre-hypertension
41,25.7,109,146,No,Healthy
65,18.6,114,159,No,Healthy
21,23.1,125,166,Yes,Healthy
69,19.2,109,157,No,Healthy
84,30.0,137,206,No,Healthy
71,17.0,116,176,No,Healthy
69,17.1,119,170,Yes,Healthy
35,22.6,122,178,Yes,Healthy
66,26.1,135,210,Yes,Healthy
46,17.0,107,157,No,Healthy
66,25.8,117,191,No,Healthy
18,24.6,108,193,No,Healthy
35,22.9,113,182,No,Healthy
21,20.4,108,167,No,Healthy
