customer_id,name,email,phone,city,signup_date
1,Emma Thomas,emma.thomas1@outlook.com,+1-555-494-4896,Seattle,2023-12-27
2,Noah Johnson,noah.johnson2@outlook.com,+1-555-977-7621,Denver,2023-08-25
3,Lucas Williams,lucas.williams3@icloud.com,+1-555-504-5502,Atlanta,2022-04-16
4,Amelia Gonzalez,amelia.gonzalez4@yahoo.com,+1-555-839-5908,San Francisco,2022-07-18
5,Emma Lopez,emma.lopez5@icloud.com,+1-555-157-8723,Chicago,2023-11-18
6,Olivia Thomas,olivia.thomas6@outlook.com,+1-555-418-1611,Boston,2024-05-17
7,Charlotte Thomas,charlotte.thomas7@icloud.com,+1-555-274-4274,New York,2022-08-16
8,Lucas Brown,lucas.brown8@outlook.com,+1-555-714-9301,Atlanta,2023-08-04
9,Oliver Miller,oliver.miller9@icloud.com,+1-555-433-1687,New York,2022-08-20
10,Isabella Williams,isabella.williams10@outlook.com,+1-555-527-3971,Seattle,2021-10-16
11,Matthew Rodriguez,matthew.rodriguez11@gmail.com,+1-555-848-6667,San Francisco,2023-06-09
12,Amelia Taylor,amelia.taylor12@yahoo.com,+1-555-823-8574,San Francisco,2022-05-08
13,Noah Wilson,noah.wilson13@outlook.com,+1-555-225-8493,New York,2021-09-11
14,Amelia Thomas,amelia.thomas14@icloud.com,+1-555-697-5243,Denver,2023-06-15
15,Mia Martinez,mia.martinez15@outlook.com,+1-555-611-1335,New York,2021-06-27
16,Oliver Wilson,oliver.wilson16@outlook.com,+1-555-523-8694,Denver,2022-12-19
17,Mia Gonzalez,mia.gonzalez17@outlook.com,+1-555-597-1815,San Francisco,2022-12-12
18,Henry Smith,henry.smith18@yahoo.com,+1-555-492-9843,Austin,2021-09-30
19,Evelyn Moore,evelyn.moore19@gmail.com,+1-555-310-8394,San Francisco,2021-03-16
20,Matthew Garcia,matthew.garcia20@yahoo.com,+1-555-695-2136,Denver,2022-12-09
21,Evelyn Wilson,evelyn.wilson21@yahoo.com,+1-555-465-4761,New York,2023-10-31
22,William Smith,william.smith22@gmail.com,+1-555-180-7943,Austin,2023-07-07
23,Alexander Brown,alexander.brown23@icloud.com,+1-555-550-9441,Seattle,2021-07-13
24,Isabella Rodriguez,isabella.rodriguez24@gmail.com,+1-555-442-3148,Chicago,2022-01-18
25,Henry Davis,henry.davis25@icloud.com,+1-555-178-4082,Atlanta,2021-05-30
26,Sophia Jackson,sophia.jackson26@yahoo.com,+1-555-729-5116,Atlanta,2021-12-04
27,Ava Thomas,ava.thomas27@yahoo.com,+1-555-744-8100,San Francisco,2022-07-25
28,Emma Johnson,emma.johnson28@yahoo.com,+1-555-911-2148,New York,2022-08-02
29,Alexander Miller,alexander.miller29@icloud.com,+1-555-620-5921,Boston,2021-08-13
30,James Thomas,james.thomas30@yahoo.com,+1-555-746-6969,Chicago,2022-07-03
31,Liam Lopez,liam.lopez31@gmail.com,+1-555-684-6658,Austin,2021-04-18
32,Amelia Smith,amelia.smith32@gmail.com,+1-555-544-2693,New York,2022-02-23
33,Charlotte Williams,charlotte.williams33@gmail.com,+1-555-628-8140,Atlanta,2021-08-05
34,Evelyn Lopez,evelyn.lopez34@yahoo.com,+1-555-411-6511,New York,2023-01-21
35,Olivia Martin,olivia.martin35@yahoo.com,+1-555-533-5203,New York,2023-09-22
36,Ava Martinez,ava.martinez36@outlook.com,+1-555-541-4970,Chicago,2024-04-06
37,Lucas Martinez,lucas.martinez37@icloud.com,+1-555-340-9583,Austin,2022-02-26
38,Daniel Rodriguez,daniel.rodriguez38@yahoo.com,+1-555-119-4272,Boston,2023-11-16
39,Lucas Williams,lucas.williams39@yahoo.com,+1-555-598-3840,Seattle,2021-05-18
40,Liam Garcia,liam.garcia40@gmail.com,+1-555-692-7571,Denver,2023-07-13
41,William Williams,william.williams41@outlook.com,+1-555-923-9775,New York,2021-10-20
42,Liam Lopez,liam.lopez42@outlook.com,+1-555-433-3789,Denver,2023-11-20
43,Evelyn Miller,evelyn.miller43@gmail.com,+1-555-956-6712,Austin,2022-01-05
44,Matthew Garcia,matthew.garcia44@icloud.com,+1-555-941-2626,New York,2021-07-29
45,Ava Rodriguez,ava.rodriguez45@icloud.com,+1-555-992-2363,Seattle,2024-02-07
46,Daniel Moore,daniel.moore46@gmail.com,+1-555-903-2043,San Francisco,2022-10-21
47,James Thomas,james.thomas47@yahoo.com,+1-555-694-4691,New York,2022-04-20
48,Alexander Anderson,alexander.anderson48@yahoo.com,+1-555-335-1047,San Francisco,2024-04-04
49,James Williams,james.williams49@gmail.com,+1-555-847-9026,New York,2021-07-14
50,Sophia Lopez,sophia.lopez50@outlook.com,+1-555-886-1403,San Francisco,2021-09-07
51,Evelyn Thomas,evelyn.thomas51@yahoo.com,+1-555-973-5493,New York,2022-09-28
52,Matthew Smith,matthew.smith52@gmail.com,+1-555-306-3513,Seattle,2021-06-17
53,Evelyn Williams,evelyn.williams53@yahoo.com,+1-555-555-9346,Chicago,2023-06-01
54,Oliver Brown,oliver.brown54@icloud.com,+1-555-822-1225,Seattle,2023-06-28
55,Daniel Williams,daniel.williams55@yahoo.com,+1-555-211-6104,San Francisco,2024-03-24
56,Evelyn Miller,evelyn.miller56@gmail.com,+1-555-539-5574,Atlanta,2023-04-22
57,Lucas Garcia,lucas.garcia57@icloud.com,+1-555-931-5491,Chicago,2021-02-01
58,Liam Gonzalez,liam.gonzalez58@icloud.com,+1-555-195-7509,Austin,2021-06-28
59,James Martin,james.martin59@gmail.com,+1-555-635-2633,Denver,2024-03-30
60,Oliver Martinez,oliver.martinez60@outlook.com,+1-555-805-8621,New York,2021-01-23
61,Ava Taylor,ava.taylor61@yahoo.com,+1-555-816-5166,Austin,2021-10-23
62,Amelia Gonzalez,amelia.gonzalez62@icloud.com,+1-555-880-7779,Austin,2023-02-05
63,Liam Davis,liam.davis63@icloud.com,+1-555-482-2023,Boston,2023-04-08
64,Ava Martinez,ava.martinez64@outlook.com,+1-555-322-3417,Seattle,2021-10-28
65,Daniel Taylor,daniel.taylor65@icloud.com,+1-555-194-8933,Chicago,2021-03-26
66,Sophia Williams,sophia.williams66@gmail.com,+1-555-841-3868,New York,2022-01-30
67,Matthew Jackson,matthew.jackson67@outlook.com,+1-555-248-2402,New York,2021-12-28
68,Isabella Williams,isabella.williams68@outlook.com,+1-555-119-7380,New York,2021-03-12
69,Daniel Johnson,daniel.johnson69@yahoo.com,+1-555-631-5643,San Francisco,2023-05-15
70,Daniel Miller,daniel.miller70@icloud.com,+1-555-553-7623,Boston,2024-01-17
71,Lucas Smith,lucas.smith71@yahoo.com,+1-555-263-9001,San Francisco,2021-10-28
72,Henry Lopez,henry.lopez72@icloud.com,+1-555-474-3540,San Francisco,2021-03-04
73,Matthew Hernandez,matthew.hernandez73@icloud.com,+1-555-191-1839,New York,2023-11-25
74,Oliver Jackson,oliver.jackson74@outlook.com,+1-555-189-8533,Boston,2023-12-08
75,Noah Martin,noah.martin75@yahoo.com,+1-555-821-6213,Chicago,2023-09-17
76,Henry Thomas,henry.thomas76@outlook.com,+1-555-220-8433,Austin,2022-11-12
77,Evelyn Moore,evelyn.moore77@icloud.com,+1-555-516-8056,Chicago,2022-05-05
78,Noah Garcia,noah.garcia78@gmail.com,+1-555-225-4902,Austin,2022-08-30
79,Henry Jones,henry.jones79@yahoo.com,+1-555-430-5544,San Francisco,2022-04-11
80,Oliver Davis,oliver.davis80@gmail.com,+1-555-716-3118,Atlanta,2022-01-13
81,Charlotte Jackson,charlotte.jackson81@icloud.com,+1-555-532-7931,Austin,2022-02-22
82,Evelyn Taylor,evelyn.taylor82@yahoo.com,+1-555-686-2821,Austin,2023-10-19
83,Amelia Gonzalez,amelia.gonzalez83@gmail.com,+1-555-359-2590,New York,2023-07-23
84,Mia Wilson,mia.wilson84@outlook.com,+1-555-873-9269,Chicago,2021-06-17
85,Henry Johnson,henry.johnson85@outlook.com,+1-555-752-6226,Atlanta,2021-04-18
86,Alexander Williams,alexander.williams86@icloud.com,+1-555-962-2524,Chicago,2023-10-15
87,Oliver Thomas,oliver.thomas87@icloud.com,+1-555-814-9381,San Francisco,2024-04-16
88,Alexander Lopez,alexander.lopez88@gmail.com,+1-555-185-5684,New York,2023-02-22
89,Liam Lopez,liam.lopez89@gmail.com,+1-555-614-5282,Austin,2022-08-15
90,Alexander Thomas,alexander.thomas90@icloud.com,+1-555-818-5658,Chicago,2022-09-18
91,Liam Jackson,liam.jackson91@icloud.com,+1-555-207-8072,New York,2021-05-29
92,Isabella Wilson,isabella.wilson92@outlook.com,+1-555-476-9293,Seattle,2023-09-11
93,Alexander Miller,alexander.miller93@outlook.com,+1-555-907-8353,San Francisco,2023-08-27
94,Amelia Davis,amelia.davis94@outlook.com,+1-555-382-3816,New York,2021-07-20
95,Emma Jackson,emma.jackson95@outlook.com,+1-555-493-7636,Seattle,2022-05-02
96,Olivia Lopez,olivia.lopez96@icloud.com,+1-555-941-4246,Austin,2023-09-18
97,Liam Davis,liam.davis97@outlook.com,+1-555-986-1044,Atlanta,2023-07-01
98,Oliver Williams,oliver.williams98@yahoo.com,+1-555-864-8900,New York,2023-03-21
99,Isabella Lopez,isabella.lopez99@gmail.com,+1-555-716-5900,Austin,2021-01-16
100,Alexander Taylor,alexander.taylor100@yahoo.com,+1-555-365-9713,Austin,2022-08-06
101,James Miller,james.miller101@outlook.com,+1-555-925-7643,New York,2023-09-20
102,Sophia Martin,sophia.martin102@gmail.com,+1-555-890-7159,Denver,2021-12-27
103,James Williams,james.williams103@outlook.com,+1-555-998-1215,Chicago,2023-04-26
104,Henry Johnson,henry.johnson104@outlook.com,+1-555-906-8770,San Francisco,2021-02-06
105,Isabella Williams,isabella.williams105@icloud.com,+1-555-798-8274,Boston,2021-09-09
106,Ava Wilson,ava.wilson106@icloud.com,+1-555-132-1049,New York,2021-01-07
107,Daniel Gonzalez,daniel.gonzalez107@icloud.com,+1-555-820-9667,Boston,2021-10-30
108,Noah Johnson,noah.johnson108@outlook.com,+1-555-820-9712,Denver,2024-03-24
109,Daniel Wilson,daniel.wilson109@icloud.com,+1-555-853-5018,New York,2021-02-20
110,Liam Williams,liam.williams110@outlook.com,+1-555-553-5858,Chicago,2023-08-05
111,Emma Moore,emma.moore111@yahoo.com,+1-555-239-8319,New York,2023-07-22
112,James Garcia,james.garcia112@gmail.com,+1-555-738-5702,Chicago,2024-05-29
113,Lucas Johnson,lucas.johnson113@gmail.com,+1-555-654-1039,Boston,2021-02-23
114,Isabella Anderson,isabella.anderson114@yahoo.com,+1-555-255-4340,New York,2021-04-27
115,Sophia Martin,sophia.martin115@outlook.com,+1-555-512-5886,Chicago,2023-09-23
116,Harper Lopez,harper.lopez116@yahoo.com,+1-555-230-3234,San Francisco,2024-04-16
117,Oliver Lopez,oliver.lopez117@outlook.com,+1-555-729-3317,Atlanta,2023-04-05
118,Olivia Williams,olivia.williams118@yahoo.com,+1-555-557-7217,Austin,2022-05-29
119,Liam Williams,liam.williams119@icloud.com,+1-555-220-9529,San Francisco,2021-12-20
120,Henry Rodriguez,henry.rodriguez120@icloud.com,+1-555-649-4606,Austin,2023-03-17
121,Olivia Rodriguez,olivia.rodriguez121@icloud.com,+1-555-295-9541,San Francisco,2023-01-18
122,Matthew Smith,matthew.smith122@yahoo.com,+1-555-476-5295,San Francisco,2022-08-26
123,Emma Lopez,emma.lopez123@yahoo.com,+1-555-608-6306,Chicago,2023-06-11
124,Mia Wilson,mia.wilson124@outlook.com,+1-555-384-3216,Chicago,2023-09-28
125,Olivia Rodriguez,olivia.rodriguez125@outlook.com,+1-555-662-5736,Austin,2022-04-04
126,Daniel Anderson,daniel.anderson126@outlook.com,+1-555-896-2154,Austin,2024-03-15
127,Alexander Hernandez,alexander.hernandez127@yahoo.com,+1-555-819-3213,Denver,2022-02-04
128,Sophia Martinez,sophia.martinez128@gmail.com,+1-555-204-1503,Boston,2021-04-02
129,Daniel Johnson,daniel.johnson129@gmail.com,+1-555-352-6087,New York,2022-03-01
130,Alexander Miller,alexander.miller130@gmail.com,+1-555-767-9124,Denver,2021-01-19
131,Alexander Moore,alexander.moore131@yahoo.com,+1-555-434-7381,Chicago,2021-07-15
132,Charlotte Williams,charlotte.williams132@outlook.com,+1-555-428-5515,Atlanta,2024-05-02
133,Oliver Thomas,oliver.thomas133@yahoo.com,+1-555-379-7934,Seattle,2023-05-24
134,Amelia Davis,amelia.davis134@icloud.com,+1-555-676-4002,New York,2021-01-14
135,Amelia Hernandez,amelia.hernandez135@yahoo.com,+1-555-247-7402,Denver,2021-07-30
136,Matthew Martin,matthew.martin136@icloud.com,+1-555-599-2804,Atlanta,2023-12-02
137,Charlotte Williams,charlotte.williams137@outlook.com,+1-555-502-8585,New York,2022-05-14
138,Daniel Thomas,daniel.thomas138@gmail.com,+1-555-489-5316,New York,2022-08-20
139,William Brown,william.brown139@gmail.com,+1-555-915-9465,San Francisco,2021-02-26
140,Olivia Garcia,olivia.garcia140@gmail.com,+1-555-540-9959,Austin,2023-01-15
141,James Johnson,james.johnson141@yahoo.com,+1-555-319-8564,Chicago,2023-12-08
142,Mia Gonzalez,mia.gonzalez142@yahoo.com,+1-555-702-8149,New York,2023-08-27
143,Alexander Davis,alexander.davis143@outlook.com,+1-555-585-8929,Boston,2022-03-06
144,William Martinez,william.martinez144@outlook.com,+1-555-790-7201,Austin,2023-12-19
145,Oliver Jackson,oliver.jackson145@yahoo.com,+1-555-627-2081,San Francisco,2023-12-16
146,Mia Martinez,mia.martinez146@icloud.com,+1-555-577-5652,San Francisco,2021-05-14
147,Evelyn Jackson,evelyn.jackson147@outlook.com,+1-555-667-4523,San Francisco,2021-08-14
148,William Brown,william.brown148@yahoo.com,+1-555-122-6471,Austin,2024-03-23
149,Oliver Miller,oliver.miller149@gmail.com,+1-555-638-6098,San Francisco,2021-01-10
150,Olivia Anderson,olivia.anderson150@outlook.com,+1-555-669-7420,Chicago,2024-05-31
151,Harper Martinez,harper.martinez151@icloud.com,+1-555-784-6857,Seattle,2024-02-22
152,Ava Martin,ava.martin152@outlook.com,+1-555-803-5146,New York,2024-01-06
153,Lucas Anderson,lucas.anderson153@icloud.com,+1-555-495-6846,Chicago,2022-12-04
154,Oliver Martin,oliver.martin154@gmail.com,+1-555-985-2385,Seattle,2022-01-02
155,Evelyn Anderson,evelyn.anderson155@outlook.com,+1-555-411-1042,New York,2021-06-07
156,Lucas Thomas,lucas.thomas156@icloud.com,+1-555-540-8874,Austin,2024-06-05
157,William Martin,william.martin157@gmail.com,+1-555-470-1666,New York,2023-10-05
158,Noah Lopez,noah.lopez158@outlook.com,+1-555-821-3394,Denver,2024-03-20
159,Noah Smith,noah.smith159@gmail.com,+1-555-435-9577,New York,2021-03-03
160,Matthew Wilson,matthew.wilson160@icloud.com,+1-555-741-6912,Boston,2023-09-10
161,Alexander Anderson,alexander.anderson161@yahoo.com,+1-555-819-4435,San Francisco,2021-03-04
162,Liam Gonzalez,liam.gonzalez162@gmail.com,+1-555-871-4993,Austin,2021-01-06
163,Ava Wilson,ava.wilson163@outlook.com,+1-555-126-7836,Boston,2022-05-25
164,Henry Wilson,henry.wilson164@yahoo.com,+1-555-313-4734,San Francisco,2023-12-20
165,Amelia Moore,amelia.moore165@icloud.com,+1-555-368-7386,San Francisco,2023-01-20
166,Liam Garcia,liam.garcia166@outlook.com,+1-555-897-8796,New York,2021-08-27
167,Charlotte Miller,charlotte.miller167@yahoo.com,+1-555-745-4823,Atlanta,2023-10-23
168,Henry Garcia,henry.garcia168@icloud.com,+1-555-466-5806,Chicago,2021-06-23
169,Olivia Martin,olivia.martin169@icloud.com,+1-555-730-7611,San Francisco,2023-01-26
170,Isabella Jackson,isabella.jackson170@gmail.com,+1-555-546-4096,San Francisco,2021-06-20
171,Emma Johnson,emma.johnson171@yahoo.com,+1-555-281-5992,Austin,2021-01-23
172,Evelyn Gonzalez,evelyn.gonzalez172@icloud.com,+1-555-408-5046,Atlanta,2022-06-18
173,Evelyn Thomas,evelyn.thomas173@outlook.com,+1-555-586-9823,Boston,2021-12-28
174,Sophia Jones,sophia.jones174@outlook.com,+1-555-392-9016,Austin,2024-02-29
175,Evelyn Anderson,evelyn.anderson175@gmail.com,+1-555-631-6578,San Francisco,2023-04-10
176,Harper Jones,harper.jones176@yahoo.com,+1-555-389-2596,Boston,2021-07-17
177,James Garcia,james.garcia177@gmail.com,+1-555-604-3255,Denver,2023-10-03
178,Henry Rodriguez,henry.rodriguez178@icloud.com,+1-555-528-9548,Seattle,2024-06-17
179,Ava Taylor,ava.taylor179@outlook.com,+1-555-911-3402,New York,2023-09-28
180,Olivia Lopez,olivia.lopez180@yahoo.com,+1-555-191-4843,Atlanta,2023-04-10
181,Amelia Hernandez,amelia.hernandez181@icloud.com,+1-555-489-2256,Atlanta,2021-02-15
182,Alexander Williams,alexander.williams182@yahoo.com,+1-555-136-1461,New York,2021-11-09
183,Evelyn Martinez,evelyn.martinez183@yahoo.com,+1-555-563-8110,New York,2022-02-01
184,Harper Williams,harper.williams184@outlook.com,+1-555-445-7996,Seattle,2021-03-18
185,Oliver Jones,oliver.jones185@icloud.com,+1-555-371-5414,Austin,2022-05-16
186,Olivia Smith,olivia.smith186@yahoo.com,+1-555-200-4732,New York,2024-01-01
187,Liam Hernandez,liam.hernandez187@yahoo.com,+1-555-540-1263,Austin,2022-02-28
188,Mia Thomas,mia.thomas188@yahoo.com,+1-555-856-5767,San Francisco,2021-11-27
189,Mia Jones,mia.jones189@icloud.com,+1-555-531-8768,San Francisco,2023-05-18
190,Alexander Miller,alexander.miller190@gmail.com,+1-555-936-5343,Austin,2021-03-03
191,Harper Anderson,harper.anderson191@gmail.com,+1-555-235-6431,New York,2021-03-02
192,James Jackson,james.jackson192@gmail.com,+1-555-108-9395,New York,2021-08-28
193,Olivia Williams,olivia.williams193@outlook.com,+1-555-657-5279,Chicago,2021-11-03
194,Noah Lopez,noah.lopez194@outlook.com,+1-555-863-5445,Boston,2021-01-07
195,Lucas Gonzalez,lucas.gonzalez195@yahoo.com,+1-555-246-9069,Boston,2023-09-09
196,Ava Garcia,ava.garcia196@gmail.com,+1-555-925-6011,Chicago,2022-08-01
197,Matthew Martin,matthew.martin197@gmail.com,+1-555-425-7606,San Francisco,2023-10-30
198,Lucas Thomas,lucas.thomas198@gmail.com,+1-555-640-3667,Austin,2021-10-02
199,Henry Miller,henry.miller199@icloud.com,+1-555-170-8756,San Francisco,2021-02-07
200,Sophia Smith,sophia.smith200@outlook.com,+1-555-248-6931,Seattle,2023-07-10
201,William Anderson,william.anderson201@icloud.com,+1-555-385-2117,Chicago,2024-02-05
202,Noah Williams,noah.williams202@icloud.com,+1-555-229-7031,New York,2023-05-31
203,Amelia Hernandez,amelia.hernandez203@gmail.com,+1-555-991-3384,New York,2021-01-06
204,Mia Martin,mia.martin204@outlook.com,+1-555-625-4493,Boston,2021-06-11
205,Emma Moore,emma.moore205@yahoo.com,+1-555-582-2488,San Francisco,2023-03-01
206,Alexander Johnson,alexander.johnson206@yahoo.com,+1-555-634-2188,Seattle,2022-01-10
207,Evelyn Taylor,evelyn.taylor207@gmail.com,+1-555-116-1467,San Francisco,2023-01-27
208,Daniel Moore,daniel.moore208@icloud.com,+1-555-328-6576,Chicago,2023-02-15
209,Lucas Davis,lucas.davis209@icloud.com,+1-555-709-5793,Chicago,2023-07-11
210,Ava Thomas,ava.thomas210@outlook.com,+1-555-984-2347,Austin,2022-06-17
211,Matthew Smith,matthew.smith211@gmail.com,+1-555-815-4225,Austin,2022-10-23
212,Matthew Johnson,matthew.johnson212@icloud.com,+1-555-899-6916,Seattle,2022-05-17
213,Isabella Williams,isabella.williams213@yahoo.com,+1-555-964-3388,New York,2021-08-15
214,Matthew Moore,matthew.moore214@icloud.com,+1-555-920-3193,Austin,2021-09-27
215,Harper Anderson,harper.anderson215@outlook.com,+1-555-889-6812,Austin,2022-04-27
216,Emma Anderson,emma.anderson216@outlook.com,+1-555-757-5804,Chicago,2023-09-22
217,Oliver Williams,oliver.williams217@icloud.com,+1-555-912-7294,Denver,2024-01-05
218,Lucas Johnson,lucas.johnson218@gmail.com,+1-555-283-4878,New York,2023-08-03
219,Noah Martin,noah.martin219@icloud.com,+1-555-439-8244,Boston,2023-07-03
220,Henry Davis,henry.davis220@outlook.com,+1-555-386-4132,Chicago,2023-02-13
221,Sophia Rodriguez,sophia.rodriguez221@gmail.com,+1-555-640-6181,Austin,2024-04-02
222,Emma Brown,emma.brown222@yahoo.com,+1-555-439-4263,New York,2022-05-16
223,William Brown,william.brown223@yahoo.com,+1-555-715-1420,Atlanta,2022-03-08
224,Alexander Jones,alexander.jones224@gmail.com,+1-555-188-5255,Boston,2023-08-15
225,William Garcia,william.garcia225@yahoo.com,+1-555-281-9779,Austin,2021-08-24
226,Emma Martinez,emma.martinez226@yahoo.com,+1-555-333-2151,Austin,2021-02-27
227,Emma Martin,emma.martin227@gmail.com,+1-555-686-7060,New York,2022-09-22
228,Noah Garcia,noah.garcia228@gmail.com,+1-555-365-3813,Boston,2023-08-30
229,Amelia Jackson,amelia.jackson229@gmail.com,+1-555-985-6525,Atlanta,2024-06-01
230,Mia Johnson,mia.johnson230@yahoo.com,+1-555-223-9470,Chicago,2022-01-22
231,Oliver Johnson,oliver.johnson231@icloud.com,+1-555-860-7685,Chicago,2023-02-23
232,Lucas Brown,lucas.brown232@gmail.com,+1-555-327-5088,Boston,2021-07-23
233,Sophia Lopez,sophia.lopez233@outlook.com,+1-555-760-7657,San Francisco,2022-01-11
234,Daniel Rodriguez,daniel.rodriguez234@gmail.com,+1-555-783-1271,New York,2023-09-08
235,Henry Jackson,henry.jackson235@yahoo.com,+1-555-208-3095,New York,2024-02-13
236,Sophia Garcia,sophia.garcia236@gmail.com,+1-555-860-6558,Austin,2021-08-16
237,Emma Rodriguez,emma.rodriguez237@gmail.com,+1-555-320-8910,Boston,2023-06-22
238,Mia Moore,mia.moore238@outlook.com,+1-555-405-5813,San Francisco,2022-11-06
239,William Jones,william.jones239@yahoo.com,+1-555-244-1328,Boston,2024-04-08
240,James Thomas,james.thomas240@yahoo.com,+1-555-565-3539,Austin,2022-09-16
241,Sophia Hernandez,sophia.hernandez241@icloud.com,+1-555-490-4252,New York,2021-06-17
242,Olivia Martin,olivia.martin242@gmail.com,+1-555-533-8507,New York,2024-04-25
243,Sophia Lopez,sophia.lopez243@icloud.com,+1-555-286-2479,New York,2021-11-18
244,Sophia Williams,sophia.williams244@gmail.com,+1-555-924-1014,Chicago,2022-02-13
245,Emma Martinez,emma.martinez245@icloud.com,+1-555-460-5757,New York,2022-11-07
246,Daniel Martin,daniel.martin246@gmail.com,+1-555-835-8351,Austin,2023-07-31
247,Daniel Brown,daniel.brown247@icloud.com,+1-555-927-7136,New York,2022-03-10
248,Matthew Miller,matthew.miller248@gmail.com,+1-555-814-6917,Seattle,2023-03-02
249,Henry Thomas,henry.thomas249@icloud.com,+1-555-290-2895,Austin,2024-03-19
250,Ava Gonzalez,ava.gonzalez250@icloud.com,+1-555-102-5973,San Francisco,2024-06-15
251,Harper Johnson,harper.johnson251@yahoo.com,+1-555-511-8180,New York,2021-06-13
252,Amelia Gonzalez,amelia.gonzalez252@yahoo.com,+1-555-453-2378,San Francisco,2024-03-16
253,Oliver Anderson,oliver.anderson253@outlook.com,+1-555-514-3725,Chicago,2023-04-19
254,Emma Martinez,emma.martinez254@outlook.com,+1-555-954-5729,New York,2022-03-12
255,Emma Wilson,emma.wilson255@icloud.com,+1-555-860-6252,Austin,2021-02-21
256,Ava Moore,ava.moore256@outlook.com,+1-555-773-3499,Austin,2024-06-13
257,Amelia Wilson,amelia.wilson257@gmail.com,+1-555-371-4250,San Francisco,2024-04-18
258,Alexander Anderson,alexander.anderson258@yahoo.com,+1-555-462-9047,Seattle,2022-12-15
259,Mia Hernandez,mia.hernandez259@outlook.com,+1-555-915-3973,Chicago,2022-06-17
260,Oliver Miller,oliver.miller260@outlook.com,+1-555-466-5178,New York,2022-07-13
261,Daniel Johnson,daniel.johnson261@yahoo.com,+1-555-700-2181,Seattle,2023-04-13
262,William Smith,william.smith262@icloud.com,+1-555-393-8244,Denver,2021-09-09
263,Matthew Moore,matthew.moore263@icloud.com,+1-555-321-9217,New York,2023-04-29
264,Harper Garcia,harper.garcia264@icloud.com,+1-555-224-3524,Seattle,2021-12-27
265,Matthew Jackson,matthew.jackson265@outlook.com,+1-555-282-9644,Seattle,2022-11-20
266,Amelia Martin,amelia.martin266@outlook.com,+1-555-648-7709,Chicago,2021-11-20
267,Emma Miller,emma.miller267@outlook.com,+1-555-977-5674,Seattle,2022-05-23
268,Lucas Smith,lucas.smith268@outlook.com,+1-555-459-7306,Chicago,2024-01-17
269,Sophia Rodriguez,sophia.rodriguez269@gmail.com,+1-555-941-8624,San Francisco,2023-12-21
270,Harper Hernandez,harper.hernandez270@outlook.com,+1-555-540-4984,San Francisco,2023-03-14
271,Daniel Jones,daniel.jones271@yahoo.com,+1-555-920-9589,Boston,2024-03-19
272,Matthew Martin,matthew.martin272@gmail.com,+1-555-769-9969,Denver,2023-08-30
273,Liam Martinez,liam.martinez273@outlook.com,+1-555-510-7297,Chicago,2021-11-02
274,Henry Garcia,henry.garcia274@yahoo.com,+1-555-331-5155,Austin,2023-01-15
275,Ava Jones,ava.jones275@outlook.com,+1-555-833-3616,New York,2023-12-29
276,Sophia Smith,sophia.smith276@gmail.com,+1-555-402-5089,Denver,2023-10-10
277,Noah Williams,noah.williams277@outlook.com,+1-555-796-6443,San Francisco,2021-05-27
278,Isabella Martin,isabella.martin278@yahoo.com,+1-555-273-9512,Austin,2021-07-15
279,Oliver Gonzalez,oliver.gonzalez279@icloud.com,+1-555-938-3606,New York,2024-05-30
280,Matthew Williams,matthew.williams280@outlook.com,+1-555-810-3244,Boston,2021-12-10
281,Noah Wilson,noah.wilson281@yahoo.com,+1-555-200-7397,New York,2023-11-24
282,Olivia Rodriguez,olivia.rodriguez282@outlook.com,+1-555-596-3192,Seattle,2022-09-28
283,Amelia Wilson,amelia.wilson283@gmail.com,+1-555-991-1213,Austin,2024-06-23
284,Liam Johnson,liam.johnson284@outlook.com,+1-555-754-2064,San Francisco,2024-05-25
285,Ava Martinez,ava.martinez285@gmail.com,+1-555-481-2889,Seattle,2021-03-07
286,Amelia Davis,amelia.davis286@yahoo.com,+1-555-807-7130,Denver,2023-11-23
287,Matthew Rodriguez,matthew.rodriguez287@yahoo.com,+1-555-389-3116,Denver,2023-08-10
288,Olivia Martinez,olivia.martinez288@gmail.com,+1-555-902-3406,Boston,2021-07-02
289,Matthew Johnson,matthew.johnson289@yahoo.com,+1-555-238-3770,New York,2022-11-09
290,Lucas Johnson,lucas.johnson290@gmail.com,+1-555-100-1781,Denver,2022-07-09
291,Emma Smith,emma.smith291@yahoo.com,+1-555-686-7719,New York,2023-11-12
292,James Williams,james.williams292@gmail.com,+1-555-873-3415,Austin,2023-11-12
293,Isabella Taylor,isabella.taylor293@gmail.com,+1-555-183-4810,Seattle,2022-05-16
294,Mia Garcia,mia.garcia294@yahoo.com,+1-555-776-2813,Seattle,2022-10-03
295,Alexander Martinez,alexander.martinez295@yahoo.com,+1-555-430-4703,New York,2021-10-06
296,Henry Thomas,henry.thomas296@icloud.com,+1-555-206-7836,New York,2021-04-20
297,Olivia Brown,olivia.brown297@gmail.com,+1-555-839-1550,Atlanta,2022-05-22
298,Harper Williams,harper.williams298@icloud.com,+1-555-687-2615,San Francisco,2022-07-24
299,Olivia Moore,olivia.moore299@icloud.com,+1-555-977-9600,New York,2024-01-14
300,Henry Jones,henry.jones300@yahoo.com,+1-555-689-9518,Seattle,2022-01-03
301,James Lopez,james.lopez301@outlook.com,+1-555-595-4455,Seattle,2023-11-19
302,Isabella Smith,isabella.smith302@outlook.com,+1-555-144-9377,Austin,2023-02-03
303,Henry Garcia,henry.garcia303@yahoo.com,+1-555-476-3326,Denver,2023-08-21
304,William Lopez,william.lopez304@gmail.com,+1-555-446-7790,Austin,2021-12-10
305,Olivia Miller,olivia.miller305@yahoo.com,+1-555-607-6753,New York,2023-05-10
306,Sophia Smith,sophia.smith306@gmail.com,+1-555-290-6382,Chicago,2024-02-11
307,Amelia Brown,amelia.brown307@icloud.com,+1-555-900-1855,Austin,2022-08-20
308,Daniel Jackson,daniel.jackson308@yahoo.com,+1-555-153-4060,Chicago,2021-10-01
309,Isabella Brown,isabella.brown309@yahoo.com,+1-555-710-1242,New York,2021-09-29
310,Oliver Jones,oliver.jones310@gmail.com,+1-555-480-5692,New York,2021-08-12
311,Charlotte Moore,charlotte.moore311@gmail.com,+1-555-388-4093,New York,2022-04-04
312,Lucas Davis,lucas.davis312@yahoo.com,+1-555-338-9363,New York,2023-02-15
313,Daniel Moore,daniel.moore313@gmail.com,+1-555-935-7294,New York,2021-05-07
314,Emma Williams,emma.williams314@yahoo.com,+1-555-656-4665,Boston,2021-06-04
315,Evelyn Thomas,evelyn.thomas315@gmail.com,+1-555-837-7227,Atlanta,2022-10-31
316,Oliver Smith,oliver.smith316@gmail.com,+1-555-460-1560,Atlanta,2022-02-16
317,Emma Lopez,emma.lopez317@icloud.com,+1-555-824-9323,Atlanta,2021-08-05
318,William Martinez,william.martinez318@outlook.com,+1-555-543-3607,San Francisco,2024-05-18
319,Daniel Davis,daniel.davis319@icloud.com,+1-555-625-5231,San Francisco,2021-06-12
320,Noah Brown,noah.brown320@icloud.com,+1-555-192-8185,Chicago,2024-01-06
321,Mia Davis,mia.davis321@outlook.com,+1-555-467-4956,Chicago,2022-07-03
322,Sophia Jackson,sophia.jackson322@icloud.com,+1-555-938-7573,San Francisco,2022-05-13
323,Ava Martinez,ava.martinez323@icloud.com,+1-555-610-4452,Chicago,2022-08-10
324,Sophia Lopez,sophia.lopez324@yahoo.com,+1-555-388-9731,San Francisco,2022-03-16
325,Lucas Johnson,lucas.johnson325@yahoo.com,+1-555-249-5505,San Francisco,2023-07-08
326,Harper Jones,harper.jones326@icloud.com,+1-555-605-7822,San Francisco,2023-08-18
327,Lucas Taylor,lucas.taylor327@icloud.com,+1-555-933-2633,Seattle,2023-01-29
328,Evelyn Johnson,evelyn.johnson328@outlook.com,+1-555-950-8623,Atlanta,2022-05-14
329,Matthew Lopez,matthew.lopez329@icloud.com,+1-555-104-6548,Seattle,2021-02-18
330,Matthew Lopez,matthew.lopez330@gmail.com,+1-555-123-4019,Boston,2023-08-03
331,Noah Martinez,noah.martinez331@gmail.com,+1-555-518-5069,Denver,2021-01-07
332,Matthew Miller,matthew.miller332@icloud.com,+1-555-890-9894,Chicago,2022-04-19
333,Emma Garcia,emma.garcia333@outlook.com,+1-555-244-4912,Austin,2023-09-12
334,Noah Hernandez,noah.hernandez334@gmail.com,+1-555-967-1690,Boston,2024-05-08
335,Harper Brown,harper.brown335@icloud.com,+1-555-634-9658,San Francisco,2024-01-21
336,Liam Williams,liam.williams336@yahoo.com,+1-555-829-5547,Chicago,2022-09-04
337,Henry Martin,henry.martin337@outlook.com,+1-555-645-9189,San Francisco,2022-06-24
338,Liam Rodriguez,liam.rodriguez338@gmail.com,+1-555-206-8929,Denver,2023-10-07
339,Emma Garcia,emma.garcia339@outlook.com,+1-555-373-7573,New York,2024-01-16
340,Matthew Hernandez,matthew.hernandez340@outlook.com,+1-555-516-4902,New York,2023-05-27
341,Henry Wilson,henry.wilson341@gmail.com,+1-555-438-8113,New York,2023-02-25
342,Mia Martinez,mia.martinez342@icloud.com,+1-555-569-9382,New York,2021-09-30
343,Mia Brown,mia.brown343@yahoo.com,+1-555-409-2671,Atlanta,2021-05-03
344,Olivia Rodriguez,olivia.rodriguez344@gmail.com,+1-555-827-4733,New York,2024-05-22
345,Mia Wilson,mia.wilson345@icloud.com,+1-555-883-8956,Austin,2023-03-17
346,Liam Rodriguez,liam.rodriguez346@yahoo.com,+1-555-132-2840,Atlanta,2022-11-10
347,Isabella Martin,isabella.martin347@outlook.com,+1-555-136-2830,San Francisco,2023-06-16
348,Lucas Jackson,lucas.jackson348@yahoo.com,+1-555-140-3798,Denver,2024-04-03
349,Matthew Williams,matthew.williams349@yahoo.com,+1-555-153-1042,New York,2023-11-27
350,Alexander Hernandez,alexander.hernandez350@gmail.com,+1-555-923-8840,San Francisco,2022-12-22
351,Amelia Rodriguez,amelia.rodriguez351@icloud.com,+1-555-156-2549,San Francisco,2024-05-15
352,Amelia Brown,amelia.brown352@outlook.com,+1-555-357-2781,New York,2024-05-09
353,Charlotte Moore,charlotte.moore353@gmail.com,+1-555-736-5866,Atlanta,2023-11-21
354,Henry Taylor,henry.taylor354@yahoo.com,+1-555-948-6636,Denver,2021-06-11
355,William Hernandez,william.hernandez355@yahoo.com,+1-555-588-9687,Atlanta,2024-02-16
356,Oliver Anderson,oliver.anderson356@icloud.com,+1-555-534-5109,San Francisco,2022-08-03
357,Ava Davis,ava.davis357@gmail.com,+1-555-451-2026,New York,2021-04-24
358,Mia Thomas,mia.thomas358@outlook.com,+1-555-501-2742,Chicago,2024-03-27
359,Emma Smith,emma.smith359@yahoo.com,+1-555-241-8742,Atlanta,2021-09-19
360,Daniel Jones,daniel.jones360@yahoo.com,+1-555-563-6977,Atlanta,2024-04-03
361,James Jones,james.jones361@outlook.com,+1-555-144-4197,New York,2021-07-15
362,Liam Brown,liam.brown362@gmail.com,+1-555-611-4278,Austin,2024-03-04
363,Charlotte Gonzalez,charlotte.gonzalez363@icloud.com,+1-555-281-5566,Chicago,2023-10-14
364,Charlotte Moore,charlotte.moore364@outlook.com,+1-555-953-2148,New York,2022-03-18
365,Isabella Jones,isabella.jones365@yahoo.com,+1-555-493-6587,San Francisco,2024-04-16
366,William Thomas,william.thomas366@gmail.com,+1-555-585-4806,San Francisco,2021-08-21
367,Olivia Wilson,olivia.wilson367@gmail.com,+1-555-704-2458,San Francisco,2022-07-07
368,Amelia Anderson,amelia.anderson368@icloud.com,+1-555-251-7435,New York,2024-04-04
369,Daniel Williams,daniel.williams369@outlook.com,+1-555-547-5779,Austin,2022-10-22
370,Matthew Rodriguez,matthew.rodriguez370@yahoo.com,+1-555-994-1890,Austin,2022-09-10
371,Matthew Rodriguez,matthew.rodriguez371@icloud.com,+1-555-160-7604,San Francisco,2023-01-24
372,Alexander Gonzalez,alexander.gonzalez372@outlook.com,+1-555-145-6380,Austin,2024-05-31
373,Isabella Moore,isabella.moore373@yahoo.com,+1-555-527-7454,Denver,2021-03-18
374,Alexander Gonzalez,alexander.gonzalez374@outlook.com,+1-555-802-9129,Chicago,2022-06-28
375,Olivia Moore,olivia.moore375@icloud.com,+1-555-667-3714,Seattle,2022-03-18
376,Amelia Wilson,amelia.wilson376@icloud.com,+1-555-963-7343,Austin,2022-04-17
377,Henry Taylor,henry.taylor377@yahoo.com,+1-555-554-1410,Austin,2023-07-25
378,Lucas Jones,lucas.jones378@outlook.com,+1-555-769-4146,New York,2021-06-16
379,Sophia Gonzalez,sophia.gonzalez379@gmail.com,+1-555-771-3021,San Francisco,2024-02-11
380,Mia Williams,mia.williams380@gmail.com,+1-555-959-8221,New York,2021-07-16
381,Sophia Garcia,sophia.garcia381@yahoo.com,+1-555-575-2701,Denver,2024-01-27
382,Olivia Anderson,olivia.anderson382@icloud.com,+1-555-257-7760,Austin,2022-03-31
383,Daniel Williams,daniel.williams383@yahoo.com,+1-555-345-3235,New York,2022-01-27
384,Alexander Lopez,alexander.lopez384@icloud.com,+1-555-733-2341,Austin,2021-03-30
385,Noah Thomas,noah.thomas385@outlook.com,+1-555-772-1980,Austin,2023-11-02
386,Oliver Taylor,oliver.taylor386@yahoo.com,+1-555-316-4056,New York,2022-04-04
387,Noah Martinez,noah.martinez387@yahoo.com,+1-555-452-7470,Seattle,2021-11-02
388,Olivia Miller,olivia.miller388@gmail.com,+1-555-345-4289,Austin,2021-06-16
389,Alexander Miller,alexander.miller389@icloud.com,+1-555-431-9106,Denver,2021-10-27
390,Emma Jackson,emma.jackson390@yahoo.com,+1-555-547-6655,Boston,2023-03-28
391,Henry Martin,henry.martin391@yahoo.com,+1-555-651-4969,Boston,2024-02-05
392,Lucas Thomas,lucas.thomas392@yahoo.com,+1-555-514-7841,New York,2021-04-14
393,Mia Martinez,mia.martinez393@yahoo.com,+1-555-544-5426,Chicago,2022-06-02
394,Amelia Lopez,amelia.lopez394@outlook.com,+1-555-852-9904,San Francisco,2021-05-18
395,Olivia Thomas,olivia.thomas395@gmail.com,+1-555-862-7934,Boston,2024-06-17
396,Liam Moore,liam.moore396@gmail.com,+1-555-382-2153,San Francisco,2022-05-26
397,Daniel Gonzalez,daniel.gonzalez397@outlook.com,+1-555-943-4886,Chicago,2022-03-14
398,Henry Garcia,henry.garcia398@gmail.com,+1-555-252-3011,New York,2021-09-05
399,Henry Jackson,henry.jackson399@icloud.com,+1-555-462-1534,Seattle,2023-11-26
400,Charlotte Brown,charlotte.brown400@outlook.com,+1-555-257-3030,San Francisco,2023-10-29
401,Matthew Jackson,matthew.jackson401@icloud.com,+1-555-225-3694,Denver,2023-05-11
402,Oliver Jones,oliver.jones402@icloud.com,+1-555-348-4079,San Francisco,2024-05-09
403,James Rodriguez,james.rodriguez403@icloud.com,+1-555-488-7295,Denver,2021-11-18
404,Henry Thomas,henry.thomas404@outlook.com,+1-555-440-7640,New York,2023-11-27
405,Charlotte Smith,charlotte.smith405@outlook.com,+1-555-613-4271,New York,2024-06-16
406,Noah Jones,noah.jones406@icloud.com,+1-555-566-7559,New York,2023-10-26
407,Liam Davis,liam.davis407@yahoo.com,+1-555-771-2405,New York,2022-04-17
408,Olivia Brown,olivia.brown408@outlook.com,+1-555-468-4917,Boston,2022-09-01
409,Lucas Gonzalez,lucas.gonzalez409@outlook.com,+1-555-720-2208,Austin,2024-06-02
410,Charlotte Rodriguez,charlotte.rodriguez410@gmail.com,+1-555-930-1643,Seattle,2021-11-09
411,Emma Thomas,emma.thomas411@icloud.com,+1-555-187-4726,New York,2022-08-18
412,Olivia Brown,olivia.brown412@yahoo.com,+1-555-516-3141,Denver,2022-01-03
413,Noah Jackson,noah.jackson413@outlook.com,+1-555-821-6726,San Francisco,2021-12-04
414,Liam Garcia,liam.garcia414@yahoo.com,+1-555-221-1212,Austin,2024-04-13
415,Matthew Jones,matthew.jones415@yahoo.com,+1-555-861-6687,New York,2022-05-22
416,Emma Brown,emma.brown416@icloud.com,+1-555-674-4900,New York,2023-09-22
417,Sophia Jackson,sophia.jackson417@outlook.com,+1-555-865-3233,San Francisco,2023-12-14
418,Lucas Johnson,lucas.johnson418@icloud.com,+1-555-879-5872,Chicago,2022-01-24
419,Lucas Thomas,lucas.thomas419@outlook.com,+1-555-215-2095,Atlanta,2023-09-19
420,Liam Anderson,liam.anderson420@icloud.com,+1-555-496-1510,Austin,2024-01-19
421,Evelyn Anderson,evelyn.anderson421@gmail.com,+1-555-837-2451,San Francisco,2023-08-10
422,Oliver Williams,oliver.williams422@icloud.com,+1-555-314-3777,Austin,2022-10-01
423,Lucas Lopez,lucas.lopez423@icloud.com,+1-555-455-8488,Boston,2023-09-27
424,Amelia Jones,amelia.jones424@icloud.com,+1-555-762-3605,Austin,2023-05-12
425,Amelia Brown,amelia.brown425@yahoo.com,+1-555-814-5083,Seattle,2024-05-04
426,Daniel Jackson,daniel.jackson426@gmail.com,+1-555-984-4530,Chicago,2022-03-24
427,Charlotte Martinez,charlotte.martinez427@gmail.com,+1-555-986-2998,Austin,2021-04-30
428,Henry Moore,henry.moore428@gmail.com,+1-555-355-5648,San Francisco,2023-09-28
429,Henry Martin,henry.martin429@yahoo.com,+1-555-894-8018,Denver,2022-01-18
430,Noah Miller,noah.miller430@gmail.com,+1-555-645-3646,Denver,2023-04-17
431,Matthew Smith,matthew.smith431@yahoo.com,+1-555-297-9259,Chicago,2023-06-24
432,Henry Martinez,henry.martinez432@yahoo.com,+1-555-149-5071,Boston,2022-03-19
433,Amelia Smith,amelia.smith433@icloud.com,+1-555-456-4746,New York,2024-04-15
434,Sophia Anderson,sophia.anderson434@outlook.com,+1-555-331-5722,Seattle,2024-01-06
435,Alexander Moore,alexander.moore435@yahoo.com,+1-555-294-5928,Denver,2022-11-06
436,Amelia Jones,amelia.jones436@icloud.com,+1-555-307-4668,Atlanta,2021-02-04
437,Oliver Anderson,oliver.anderson437@gmail.com,+1-555-671-4343,Austin,2023-08-03
438,Liam Martinez,liam.martinez438@gmail.com,+1-555-504-1550,New York,2023-03-25
439,James Moore,james.moore439@icloud.com,+1-555-829-1523,Chicago,2022-03-20
440,Liam Williams,liam.williams440@yahoo.com,+1-555-974-2526,Atlanta,2024-02-21
441,Daniel Miller,daniel.miller441@icloud.com,+1-555-252-3618,New York,2021-09-26
442,Olivia Williams,olivia.williams442@yahoo.com,+1-555-164-1551,New York,2024-06-11
443,James Williams,james.williams443@outlook.com,+1-555-843-7613,Denver,2023-01-07
444,James Gonzalez,james.gonzalez444@yahoo.com,+1-555-893-3767,Austin,2023-03-22
445,Matthew Anderson,matthew.anderson445@yahoo.com,+1-555-502-7340,Austin,2022-03-16
446,Emma Brown,emma.brown446@yahoo.com,+1-555-816-8031,New York,2021-11-28
447,Amelia Jones,amelia.jones447@icloud.com,+1-555-857-7201,Seattle,2022-02-24
448,Henry Moore,henry.moore448@icloud.com,+1-555-169-8933,San Francisco,2023-08-30
449,Amelia Jones,amelia.jones449@yahoo.com,+1-555-719-6853,San Francisco,2024-03-01
450,Evelyn Lopez,evelyn.lopez450@gmail.com,+1-555-360-4052,Chicago,2022-12-05
451,Oliver Gonzalez,oliver.gonzalez451@gmail.com,+1-555-660-9321,Seattle,2021-06-21
452,Henry Wilson,henry.wilson452@outlook.com,+1-555-713-6483,Austin,2021-04-05
453,Emma Rodriguez,emma.rodriguez453@yahoo.com,+1-555-177-9963,Austin,2021-10-10
454,Daniel Anderson,daniel.anderson454@icloud.com,+1-555-313-8608,Chicago,2023-11-20
455,James Thomas,james.thomas455@icloud.com,+1-555-524-5863,Chicago,2022-09-26
456,Alexander Jackson,alexander.jackson456@icloud.com,+1-555-542-9629,Chicago,2022-11-03
457,Evelyn Anderson,evelyn.anderson457@gmail.com,+1-555-164-4688,Austin,2022-10-17
458,Lucas Jackson,lucas.jackson458@yahoo.com,+1-555-543-6015,Atlanta,2022-08-18
459,Lucas Martinez,lucas.martinez459@outlook.com,+1-555-262-4833,New York,2021-10-03
460,Mia Smith,mia.smith460@outlook.com,+1-555-488-4297,Seattle,2023-09-04
461,Alexander Smith,alexander.smith461@gmail.com,+1-555-612-9778,Atlanta,2021-07-15
462,Evelyn Brown,evelyn.brown462@yahoo.com,+1-555-663-2756,Chicago,2022-02-19
463,William Rodriguez,william.rodriguez463@yahoo.com,+1-555-782-2377,Boston,2021-10-20
464,Matthew Hernandez,matthew.hernandez464@gmail.com,+1-555-779-5428,Atlanta,2023-12-16
465,Daniel Jones,daniel.jones465@outlook.com,+1-555-357-4147,San Francisco,2021-11-15
466,Henry Lopez,henry.lopez466@icloud.com,+1-555-993-1079,Austin,2024-06-11
467,William Gonzalez,william.gonzalez467@outlook.com,+1-555-873-4617,New York,2024-03-30
468,Sophia Hernandez,sophia.hernandez468@outlook.com,+1-555-848-3023,Austin,2022-01-21
469,Noah Martin,noah.martin469@yahoo.com,+1-555-985-9272,Denver,2024-02-25
470,Evelyn Garcia,evelyn.garcia470@gmail.com,+1-555-388-6731,Chicago,2022-11-27
471,Olivia Hernandez,olivia.hernandez471@outlook.com,+1-555-672-4712,Seattle,2022-06-03
472,Daniel Miller,daniel.miller472@yahoo.com,+1-555-397-5747,New York,2021-06-11
473,Lucas Moore,lucas.moore473@icloud.com,+1-555-501-1506,Seattle,2021-10-17
474,Evelyn Lopez,evelyn.lopez474@gmail.com,+1-555-119-9783,New York,2022-02-06
475,Ava Wilson,ava.wilson475@icloud.com,+1-555-347-7184,New York,2021-03-24
476,Matthew Lopez,matthew.lopez476@icloud.com,+1-555-119-1200,New York,2023-12-14
477,Lucas Gonzalez,lucas.gonzalez477@gmail.com,+1-555-499-7073,New York,2022-07-17
478,Isabella Taylor,isabella.taylor478@outlook.com,+1-555-902-2135,New York,2021-01-14
479,Mia Jackson,mia.jackson479@yahoo.com,+1-555-593-7134,New York,2021-07-10
480,Daniel Wilson,daniel.wilson480@gmail.com,+1-555-751-2768,Atlanta,2023-02-01
481,Harper Martinez,harper.martinez481@outlook.com,+1-555-369-9287,San Francisco,2022-08-30
482,Alexander Jones,alexander.jones482@outlook.com,+1-555-141-1943,Seattle,2022-03-24
483,Sophia Smith,sophia.smith483@yahoo.com,+1-555-494-5892,Chicago,2023-03-29
484,Henry Thomas,henry.thomas484@outlook.com,+1-555-828-2994,New York,2023-06-23
485,Harper Martinez,harper.martinez485@outlook.com,+1-555-642-7253,New York,2021-11-08
486,Harper Jones,harper.jones486@outlook.com,+1-555-508-2461,New York,2022-06-10
487,Liam Taylor,liam.taylor487@outlook.com,+1-555-932-4923,Atlanta,2021-09-13
488,Lucas Smith,lucas.smith488@yahoo.com,+1-555-931-5664,New York,2024-04-23
489,Harper Thomas,harper.thomas489@outlook.com,+1-555-972-2765,Atlanta,2024-02-25
490,Olivia Lopez,olivia.lopez490@icloud.com,+1-555-170-1600,Chicago,2023-12-16
491,Matthew Gonzalez,matthew.gonzalez491@yahoo.com,+1-555-475-6742,New York,2022-12-28
492,Charlotte Anderson,charlotte.anderson492@outlook.com,+1-555-167-7325,Boston,2023-07-16
493,Lucas Martinez,lucas.martinez493@outlook.com,+1-555-558-5902,Atlanta,2022-02-01
494,Liam Anderson,liam.anderson494@gmail.com,+1-555-431-9729,New York,2021-08-11
495,Alexander Martinez,alexander.martinez495@outlook.com,+1-555-947-5688,New York,2023-07-22
496,Matthew Moore,matthew.moore496@outlook.com,+1-555-440-2798,San Francisco,2023-12-18
497,Mia Gonzalez,mia.gonzalez497@yahoo.com,+1-555-933-2116,Seattle,2021-11-24
498,Henry Martin,henry.martin498@outlook.com,+1-555-235-5057,Seattle,2021-04-23
499,Harper Miller,harper.miller499@yahoo.com,+1-555-164-4735,Seattle,2022-08-27
500,Liam Garcia,liam.garcia500@outlook.com,+1-555-401-1229,Austin,2023-12-11
