order_id,customer_id,order_date,status,discount,tax_rate,subtotal,tax_amount,order_total
1,1,2023-01-25,cancelled,0.0,0.08,39.95,3.2,43.15
2,1,2023-09-05,completed,0.0,0.095,362.72,34.46,397.18
3,1,2023-05-11,completed,0.0,0.088,719.11,63.28,782.39
4,1,2023-05-27,completed,0.0,0.08,27.55,2.2,29.75
5,2,2024-04-24,completed,0.0,0.088,92.63,8.15,100.78
6,3,2023-11-13,completed,16.82,0.075,489.02,35.41,507.61
7,4,2024-08-15,completed,0.0,0.08,98.24,7.86,106.1
8,4,2024-06-13,completed,8.01,0.075,44.79,2.76,39.54
9,5,2023-08-16,completed,0.0,0.06,741.79,44.51,786.3
10,5,2024-06-22,completed,32.87,0.088,444.19,36.2,447.52
11,5,2024-05-30,completed,0.0,0.06,1148.02,68.88,1216.9
12,5,2024-07-09,cancelled,0.0,0.075,102.79,7.71,110.5
13,5,2023-03-14,completed,19.39,0.095,1253.71,117.26,1351.58
14,6,2023-01-14,completed,0.0,0.06,571.15,34.27,605.42
15,6,2024-07-06,completed,17.71,0.08,61.74,3.52,47.55
16,7,2024-11-21,completed,20.14,0.095,333.83,29.8,343.49
17,7,2023-04-25,completed,0.0,0.08,207.68,16.61,224.29
18,8,2024-09-30,completed,0.0,0.095,120.46,11.44,131.9
19,8,2023-10-10,completed,0.0,0.075,922.83,69.21,992.04
20,9,2023-09-18,completed,15.47,0.075,69.63,4.06,58.22
21,9,2023-11-19,completed,0.0,0.08,443.56,35.48,479.04
22,9,2023-07-06,processing,0.0,0.075,236.48,17.74,254.22
23,10,2024-01-23,completed,0.0,0.06,492.35,29.54,521.89
24,10,2023-07-27,processing,23.2,0.095,263.63,22.84,263.27
25,11,2024-04-24,completed,0.0,0.095,11.13,1.06,12.19
26,11,2024-07-31,completed,0.0,0.08,35.4,2.83,38.23
27,11,2023-02-21,completed,0.0,0.095,184.0,17.48,201.48
28,12,2023-08-23,completed,0.0,0.075,39.33,2.95,42.28
29,13,2023-10-20,completed,0.0,0.075,15.34,1.15,16.49
30,13,2024-02-27,completed,27.7,0.06,62.89,2.11,37.3
31,14,2023-02-01,completed,14.44,0.08,177.66,13.06,176.28
32,14,2023-02-17,shipped,0.0,0.088,1511.39,133.0,1644.39
33,14,2023-03-27,shipped,14.25,0.088,59.26,3.96,48.97
34,14,2023-12-11,cancelled,0.0,0.06,76.74,4.6,81.34
35,14,2023-07-13,completed,28.11,0.088,432.45,35.58,439.92
36,15,2023-12-30,completed,0.0,0.095,91.26,8.67,99.93
37,15,2024-08-19,completed,0.0,0.06,97.84,5.87,103.71
38,15,2024-08-18,processing,13.11,0.08,761.73,59.89,808.51
39,16,2024-06-13,completed,0.0,0.075,128.63,9.65,138.28
40,16,2023-09-20,completed,0.0,0.08,45.06,3.6,48.66
41,17,2023-12-05,completed,34.09,0.095,492.71,43.57,502.19
42,17,2023-12-14,shipped,0.0,0.095,1130.03,107.35,1237.38
43,18,2023-06-08,completed,12.9,0.095,28.0,1.43,16.53
44,19,2023-09-05,shipped,0.0,0.08,12.87,1.03,13.9
45,20,2023-01-09,completed,0.0,0.06,605.43,36.33,641.76
46,20,2023-09-23,processing,0.0,0.06,1751.19,105.07,1856.26
47,20,2023-07-02,completed,0.0,0.075,123.06,9.23,132.29
48,20,2023-11-26,completed,0.0,0.06,102.8,6.17,108.97
49,21,2023-06-30,processing,0.0,0.08,393.11,31.45,424.56
50,21,2024-02-14,processing,0.0,0.095,170.36,16.18,186.54
51,21,2024-04-22,completed,10.7,0.08,16.89,0.5,6.69
52,21,2024-08-24,shipped,0.0,0.075,251.44,18.86,270.3
53,22,2023-03-13,shipped,7.82,0.075,56.56,3.66,52.4
54,22,2024-09-14,processing,0.0,0.088,246.84,21.72,268.56
55,22,2024-10-19,completed,0.0,0.075,758.74,56.91,815.65
56,23,2024-01-16,completed,0.0,0.075,365.72,27.43,393.15
57,23,2023-08-04,completed,0.0,0.088,105.33,9.27,114.6
58,24,2023-01-12,completed,0.0,0.075,544.04,40.8,584.84
59,24,2023-03-28,shipped,0.0,0.095,105.97,10.07,116.04
60,24,2024-11-24,cancelled,0.0,0.088,496.03,43.65,539.68
61,25,2023-01-22,shipped,20.23,0.06,708.36,41.29,729.42
62,25,2024-08-06,completed,23.37,0.095,114.32,8.64,99.59
63,26,2024-01-03,completed,0.0,0.095,62.46,5.93,68.39
64,26,2023-04-20,completed,0.0,0.095,131.6,12.5,144.1
65,26,2024-09-19,shipped,0.0,0.075,124.18,9.31,133.49
66,26,2023-12-13,shipped,0.0,0.095,98.04,9.31,107.35
67,27,2023-04-26,completed,0.0,0.088,334.75,29.46,364.21
68,27,2024-04-30,shipped,0.0,0.06,32.72,1.96,34.68
69,27,2024-10-30,processing,0.0,0.088,749.05,65.92,814.97
70,27,2023-06-18,completed,0.0,0.08,87.03,6.96,93.99
71,27,2024-01-28,completed,31.94,0.08,57.54,2.05,27.65
72,27,2024-08-01,completed,0.0,0.06,441.42,26.49,467.91
73,28,2023-07-12,shipped,19.89,0.06,161.23,8.48,149.82
74,29,2024-10-29,completed,0.0,0.06,65.9,3.95,69.85
75,30,2023-08-20,completed,0.0,0.075,8.17,0.61,8.78
76,30,2024-08-05,completed,0.0,0.08,857.94,68.64,926.58
77,30,2024-05-30,shipped,0.0,0.08,10.33,0.83,11.16
78,30,2024-01-24,completed,0.0,0.08,53.56,4.28,57.84
79,30,2023-12-28,completed,0.0,0.088,47.61,4.19,51.8
80,30,2024-11-24,shipped,0.0,0.095,278.64,26.47,305.11
81,30,2024-09-13,processing,0.0,0.06,750.0,45.0,795.0
82,31,2023-07-19,completed,20.02,0.088,525.8,44.51,550.29
83,31,2023-10-08,shipped,0.0,0.06,180.28,10.82,191.1
84,32,2023-03-20,shipped,0.0,0.088,370.59,32.61,403.2
85,32,2023-02-12,completed,0.0,0.075,394.51,29.59,424.1
86,32,2024-05-02,completed,0.0,0.075,1171.39,87.85,1259.24
87,32,2024-07-18,completed,0.0,0.095,45.36,4.31,49.67
88,33,2023-03-10,completed,0.0,0.075,358.79,26.91,385.7
89,33,2023-07-26,cancelled,6.35,0.088,130.8,10.95,135.4
90,33,2023-03-16,completed,0.0,0.06,105.46,6.33,111.79
91,33,2024-01-28,completed,0.0,0.06,114.81,6.89,121.7
92,34,2023-12-19,completed,22.89,0.06,1639.8,97.01,1713.92
93,35,2023-11-24,shipped,0.0,0.095,631.63,60.0,691.63
94,35,2024-06-06,completed,0.0,0.075,208.63,15.65,224.28
95,35,2024-09-28,completed,0.0,0.095,557.76,52.99,610.75
96,36,2023-09-30,completed,7.02,0.075,290.9,21.29,305.17
97,37,2023-03-10,shipped,7.91,0.06,81.08,4.39,77.56
98,38,2023-03-16,shipped,23.95,0.06,68.12,2.65,46.82
99,38,2023-02-11,shipped,0.0,0.095,426.38,40.51,466.89
100,38,2024-10-07,cancelled,0.0,0.088,128.3,11.29,139.59
101,39,2024-04-15,cancelled,0.0,0.088,7.77,0.68,8.45
102,39,2024-04-28,completed,0.0,0.08,230.59,18.45,249.04
103,40,2024-08-18,completed,24.72,0.08,138.59,9.11,122.98
104,40,2023-05-13,shipped,0.0,0.088,81.45,7.17,88.62
105,41,2024-06-28,completed,20.82,0.06,193.86,10.38,183.42
106,41,2024-01-24,completed,0.0,0.088,455.37,40.07,495.44
107,41,2023-01-11,shipped,0.0,0.088,820.5,72.2,892.7
108,42,2024-05-23,processing,0.0,0.08,100.92,8.07,108.99
109,43,2023-08-20,completed,0.0,0.06,1046.92,62.82,1109.74
110,43,2024-10-05,completed,0.0,0.095,37.59,3.57,41.16
111,44,2023-01-26,completed,28.18,0.095,500.28,44.85,516.95
112,45,2024-10-08,cancelled,0.0,0.088,195.9,17.24,213.14
113,46,2024-10-14,completed,0.0,0.095,268.82,25.54,294.36
114,46,2024-06-06,completed,0.0,0.095,68.09,6.47,74.56
115,46,2024-06-24,shipped,0.0,0.095,173.24,16.46,189.7
116,46,2024-02-24,processing,0.0,0.095,272.43,25.88,298.31
117,46,2024-09-08,completed,0.0,0.08,141.1,11.29,152.39
118,47,2023-08-10,completed,0.0,0.095,13.56,1.29,14.85
119,48,2023-09-04,completed,0.0,0.06,95.74,5.74,101.48
120,49,2023-10-31,processing,32.07,0.06,55.19,1.39,24.51
121,49,2023-06-28,completed,0.0,0.088,816.75,71.87,888.62
122,49,2024-01-04,cancelled,22.57,0.06,335.63,18.78,331.84
123,49,2023-04-11,completed,0.0,0.075,27.28,2.05,29.33
124,49,2023-01-01,completed,0.0,0.08,389.45,31.16,420.61
125,50,2023-02-02,completed,0.0,0.095,227.51,21.61,249.12
126,50,2024-01-21,completed,24.31,0.08,446.25,33.76,455.7
127,51,2024-01-20,completed,0.0,0.088,62.24,5.48,67.72
128,52,2024-07-25,shipped,0.0,0.088,51.45,4.53,55.98
129,53,2023-08-15,completed,0.0,0.075,120.92,9.07,129.99
130,53,2023-02-26,completed,21.73,0.095,664.33,61.05,703.65
131,53,2023-11-29,completed,0.0,0.095,357.82,33.99,391.81
132,54,2024-10-12,processing,5.78,0.06,41.79,2.16,38.17
133,54,2023-09-06,completed,0.0,0.06,284.63,17.08,301.71
134,54,2024-08-29,completed,0.0,0.075,179.33,13.45,192.78
135,54,2024-08-21,processing,0.0,0.088,240.98,21.21,262.19
136,55,2024-05-28,completed,17.21,0.095,612.22,56.53,651.54
137,56,2023-11-02,shipped,18.7,0.08,617.72,47.92,646.94
138,56,2023-12-10,completed,0.0,0.06,135.98,8.16,144.14
139,56,2024-07-04,completed,31.6,0.088,288.99,22.65,280.04
140,56,2024-01-05,shipped,0.0,0.08,457.05,36.56,493.61
141,56,2023-07-29,processing,29.69,0.06,169.83,8.41,148.55
142,56,2023-09-03,cancelled,11.85,0.095,590.68,54.99,633.82
143,57,2023-04-15,completed,0.0,0.08,216.74,17.34,234.08
144,57,2024-04-13,completed,19.9,0.075,72.02,3.91,56.03
145,58,2024-05-04,completed,0.0,0.08,185.6,14.85,200.45
146,58,2023-06-24,completed,26.5,0.095,390.87,34.62,398.99
147,58,2024-11-25,processing,13.73,0.08,1292.5,102.3,1381.07
148,59,2024-10-07,shipped,30.39,0.088,172.95,12.55,155.11
149,59,2023-05-05,shipped,0.0,0.08,82.15,6.57,88.72
150,59,2024-09-29,completed,0.0,0.095,122.29,11.62,133.91
151,60,2023-08-09,completed,0.0,0.095,9.04,0.86,9.9
152,61,2024-01-30,processing,0.0,0.095,796.38,75.66,872.04
153,61,2023-09-30,completed,0.0,0.08,116.49,9.32,125.81
154,62,2023-08-05,completed,19.16,0.08,53.22,2.72,36.78
155,62,2024-05-01,completed,29.02,0.088,31.3,0.2,2.48
156,63,2023-03-02,completed,0.0,0.08,90.71,7.26,97.97
157,64,2023-04-30,completed,0.0,0.075,142.7,10.7,153.4
158,64,2023-02-12,cancelled,0.0,0.095,51.92,4.93,56.85
159,64,2024-07-14,completed,16.8,0.095,157.17,13.34,153.71
160,65,2024-04-16,completed,29.37,0.08,2369.72,187.23,2527.58
161,65,2023-01-16,processing,0.0,0.08,350.77,28.06,378.83
162,65,2024-01-26,cancelled,0.0,0.088,61.8,5.44,67.24
163,66,2023-01-21,completed,20.1,0.095,209.57,18.0,207.47
164,67,2023-10-23,completed,0.0,0.08,179.74,14.38,194.12
165,68,2023-10-27,shipped,0.0,0.06,192.4,11.54,203.94
166,68,2023-04-22,processing,0.0,0.075,173.13,12.98,186.11
167,69,2023-01-24,completed,0.0,0.075,45.94,3.45,49.39
168,69,2023-02-09,shipped,0.0,0.08,215.35,17.23,232.58
169,70,2024-01-09,shipped,15.82,0.06,1017.34,60.09,1061.61
170,70,2023-05-04,completed,0.0,0.075,321.05,24.08,345.13
171,70,2024-10-24,shipped,0.0,0.075,157.72,11.83,169.55
172,70,2024-02-02,shipped,0.0,0.095,132.35,12.57,144.92
173,71,2024-02-01,shipped,0.0,0.08,90.19,7.22,97.41
174,71,2024-02-16,completed,0.0,0.075,133.72,10.03,143.75
175,71,2023-03-04,shipped,0.0,0.088,71.36,6.28,77.64
176,72,2023-06-03,completed,0.0,0.095,531.38,50.48,581.86
177,72,2024-04-04,completed,0.0,0.088,51.59,4.54,56.13
178,72,2023-11-30,completed,0.0,0.06,17.15,1.03,18.18
179,72,2023-08-08,shipped,0.0,0.075,66.26,4.97,71.23
180,73,2023-11-14,shipped,7.25,0.075,198.35,14.33,205.43
181,73,2023-06-06,shipped,0.0,0.095,50.01,4.75,54.76
182,73,2024-08-18,shipped,28.11,0.075,133.35,7.89,113.13
183,73,2023-01-07,completed,0.0,0.08,11.07,0.89,11.96
184,73,2023-07-14,completed,0.0,0.075,167.76,12.58,180.34
185,74,2023-01-16,processing,0.0,0.06,542.53,32.55,575.08
186,75,2023-11-30,completed,0.0,0.08,184.12,14.73,198.85
187,76,2024-06-11,shipped,6.62,0.075,132.52,9.44,135.34
188,76,2024-11-12,shipped,0.0,0.095,243.58,23.14,266.72
189,76,2024-08-04,shipped,0.0,0.095,457.61,43.47,501.08
190,76,2024-01-18,shipped,0.0,0.08,145.38,11.63,157.01
191,76,2024-10-29,completed,0.0,0.088,966.92,85.09,1052.01
192,77,2023-09-24,completed,0.0,0.08,905.33,72.43,977.76
193,77,2023-09-17,completed,6.93,0.08,359.12,28.18,380.37
194,77,2024-05-18,completed,17.94,0.075,350.29,24.93,357.28
195,77,2023-10-16,shipped,0.0,0.075,470.68,35.3,505.98
196,78,2023-05-20,completed,0.0,0.088,21.8,1.92,23.72
197,78,2023-05-31,completed,0.0,0.075,36.0,2.7,38.7
198,79,2024-03-31,processing,0.0,0.08,533.3,42.66,575.96
199,79,2024-09-15,completed,0.0,0.08,321.79,25.74,347.53
200,80,2023-03-25,completed,0.0,0.075,666.29,49.97,716.26
201,81,2023-05-17,completed,0.0,0.06,8.41,0.5,8.91
202,82,2023-10-14,processing,0.0,0.06,85.77,5.15,90.92
203,83,2024-09-10,completed,23.31,0.095,79.46,5.33,61.48
204,84,2023-10-02,completed,0.0,0.095,231.25,21.97,253.22
205,85,2023-11-03,completed,0.0,0.095,456.53,43.37,499.9
206,85,2024-04-11,cancelled,6.73,0.088,156.7,13.2,163.17
207,86,2024-03-04,completed,0.0,0.088,253.17,22.28,275.45
208,86,2023-03-24,completed,12.32,0.08,402.88,31.24,421.8
209,87,2023-07-14,cancelled,0.0,0.088,62.32,5.48,67.8
210,88,2024-02-27,completed,0.0,0.06,287.98,17.28,305.26
211,88,2023-11-29,shipped,0.0,0.075,1565.83,117.44,1683.27
212,88,2024-10-01,processing,0.0,0.08,89.37,7.15,96.52
213,89,2024-05-13,completed,5.34,0.06,261.72,15.38,271.76
214,90,2023-04-02,completed,0.0,0.095,64.18,6.1,70.28
215,91,2024-01-13,cancelled,0.0,0.088,87.28,7.68,94.96
216,92,2023-05-12,processing,0.0,0.06,406.8,24.41,431.21
217,92,2024-04-26,completed,12.44,0.06,350.88,20.31,358.75
218,92,2023-04-13,cancelled,0.0,0.088,115.48,10.16,125.64
219,93,2024-10-10,completed,0.0,0.08,678.32,54.27,732.59
220,94,2023-06-28,shipped,8.85,0.08,126.0,9.37,126.52
221,95,2023-10-08,shipped,26.3,0.095,29.1,0.27,3.07
222,95,2024-03-04,completed,0.0,0.095,283.16,26.9,310.06
223,96,2023-05-15,completed,0.0,0.06,290.58,17.43,308.01
224,96,2024-10-14,completed,28.73,0.06,29.18,0.03,0.48
225,96,2023-04-09,completed,0.0,0.075,953.01,71.48,1024.49
226,97,2023-04-03,cancelled,7.94,0.075,1184.25,88.22,1264.53
227,97,2024-03-24,completed,0.0,0.08,251.79,20.14,271.93
228,97,2023-10-05,completed,0.0,0.088,469.91,41.35,511.26
229,98,2023-06-30,processing,0.0,0.075,139.07,10.43,149.5
230,98,2024-01-05,shipped,0.0,0.075,9.59,0.72,10.31
231,98,2024-02-12,completed,16.8,0.075,207.41,14.3,204.91
232,99,2023-03-20,completed,0.0,0.08,112.31,8.98,121.29
233,99,2024-08-17,completed,16.34,0.095,36.53,1.92,22.11
234,100,2023-09-18,completed,34.56,0.075,92.39,4.34,62.17
235,101,2024-09-30,completed,0.0,0.06,699.34,41.96,741.3
236,101,2023-06-15,shipped,18.42,0.095,106.66,8.38,96.62
237,101,2023-05-28,completed,24.28,0.095,589.36,53.68,618.76
238,102,2023-05-25,completed,24.45,0.095,744.4,68.4,788.35
239,103,2024-08-28,completed,0.0,0.08,696.4,55.71,752.11
240,103,2023-12-20,completed,0.0,0.075,660.33,49.52,709.85
241,103,2023-04-26,completed,0.0,0.095,17.8,1.69,19.49
242,104,2023-04-11,completed,5.49,0.088,576.08,50.21,620.8
243,105,2024-01-13,processing,0.0,0.088,34.85,3.07,37.92
244,105,2023-01-05,completed,0.0,0.088,357.88,31.49,389.37
245,105,2023-06-07,shipped,28.43,0.06,1159.73,67.88,1199.18
246,105,2024-01-13,completed,0.0,0.075,444.17,33.31,477.48
247,106,2023-10-01,processing,30.51,0.095,49.48,1.8,20.77
248,106,2023-04-01,completed,0.0,0.08,103.71,8.3,112.01
249,106,2024-03-09,completed,0.0,0.075,1187.5,89.06,1276.56
250,106,2023-02-07,shipped,0.0,0.095,198.75,18.88,217.63
251,106,2024-02-10,completed,10.6,0.075,112.61,7.65,109.66
252,107,2024-04-21,shipped,0.0,0.075,58.56,4.39,62.95
253,108,2023-04-17,shipped,0.0,0.06,341.56,20.49,362.05
254,108,2024-03-31,completed,0.0,0.06,695.15,41.71,736.86
255,108,2023-02-13,completed,0.0,0.06,51.68,3.1,54.78
256,109,2024-05-28,completed,0.0,0.095,20.83,1.98,22.81
257,109,2024-04-29,shipped,27.83,0.06,640.47,36.76,649.4
258,109,2024-01-29,shipped,0.0,0.06,67.0,4.02,71.02
259,110,2023-11-23,completed,0.0,0.095,1078.8,102.49,1181.29
260,111,2023-02-17,processing,0.0,0.088,569.62,50.13,619.75
261,111,2023-04-26,completed,0.0,0.08,11.61,0.93,12.54
262,111,2023-12-04,completed,6.71,0.075,113.48,8.01,114.78
263,112,2024-06-27,cancelled,9.28,0.095,40.88,3.0,34.6
264,113,2023-02-15,completed,0.0,0.088,305.67,26.9,332.57
265,113,2024-07-15,cancelled,25.16,0.088,571.6,48.09,594.53
266,113,2024-01-27,shipped,6.21,0.095,191.04,17.56,202.39
267,114,2024-05-03,completed,0.0,0.06,26.91,1.61,28.52
268,114,2024-07-24,completed,0.0,0.08,133.23,10.66,143.89
269,115,2023-04-13,completed,0.0,0.095,122.77,11.66,134.43
270,115,2024-03-01,completed,0.0,0.06,1414.79,84.89,1499.68
271,115,2024-06-15,completed,0.0,0.075,189.24,14.19,203.43
272,116,2024-01-11,processing,0.0,0.088,170.76,15.03,185.79
273,116,2024-01-03,completed,0.0,0.095,473.78,45.01,518.79
274,116,2023-05-29,completed,15.55,0.06,3750.0,224.07,3958.52
275,116,2024-11-10,completed,9.39,0.088,50.9,3.65,45.16
276,116,2023-06-27,completed,0.0,0.075,107.2,8.04,115.24
277,117,2024-01-13,shipped,0.0,0.095,596.54,56.67,653.21
278,118,2024-11-17,completed,0.0,0.088,120.6,10.61,131.21
279,118,2023-04-28,completed,0.0,0.08,852.6,68.21,920.81
280,118,2023-12-27,completed,0.0,0.06,39.64,2.38,42.02
281,118,2023-06-19,completed,0.0,0.075,172.07,12.91,184.98
282,119,2024-07-04,completed,0.0,0.075,234.56,17.59,252.15
283,119,2023-07-17,processing,19.18,0.095,345.16,30.97,356.95
284,119,2023-12-25,completed,0.0,0.08,56.05,4.48,60.53
285,119,2023-07-13,completed,0.0,0.095,238.39,22.65,261.04
286,119,2023-05-17,completed,0.0,0.06,371.3,22.28,393.58
287,120,2024-08-11,completed,10.66,0.075,12.73,0.16,2.23
288,120,2023-08-30,completed,0.0,0.095,40.04,3.8,43.84
289,121,2024-04-28,shipped,0.0,0.088,1811.59,159.42,1971.01
290,121,2023-10-19,completed,0.0,0.08,764.48,61.16,825.64
291,121,2023-11-29,completed,0.0,0.06,196.99,11.82,208.81
292,122,2023-01-22,completed,0.0,0.088,392.14,34.51,426.65
293,122,2023-11-21,shipped,0.0,0.075,297.99,22.35,320.34
294,122,2023-06-16,cancelled,0.0,0.08,1156.68,92.53,1249.21
295,123,2023-04-03,processing,0.0,0.06,23.69,1.42,25.11
296,123,2024-09-01,shipped,0.0,0.095,155.12,14.74,169.86
297,124,2023-11-26,completed,33.0,0.08,52.93,1.59,21.52
298,125,2024-07-04,completed,6.92,0.088,772.0,67.33,832.41
299,125,2024-08-30,completed,0.0,0.06,83.0,4.98,87.98
300,126,2024-07-12,shipped,23.13,0.088,329.79,26.99,333.65
301,126,2024-10-14,shipped,0.0,0.08,59.85,4.79,64.64
302,127,2023-12-05,completed,0.0,0.075,11.52,0.86,12.38
303,127,2023-05-12,completed,0.0,0.075,650.57,48.79,699.36
304,127,2024-09-23,completed,0.0,0.08,705.08,56.41,761.49
305,127,2023-05-15,completed,25.16,0.06,917.26,53.53,945.63
306,127,2023-04-07,shipped,0.0,0.08,282.9,22.63,305.53
307,128,2024-09-18,completed,0.0,0.06,88.07,5.28,93.35
308,129,2024-10-16,shipped,0.0,0.08,312.63,25.01,337.64
309,129,2023-05-05,completed,0.0,0.075,179.91,13.49,193.4
310,130,2024-02-15,completed,0.0,0.088,215.83,18.99,234.82
311,131,2024-01-05,processing,0.0,0.06,491.84,29.51,521.35
312,131,2024-05-23,completed,0.0,0.08,178.76,14.3,193.06
313,131,2023-07-27,completed,30.99,0.095,84.73,5.11,58.85
314,131,2024-04-10,completed,0.0,0.08,297.55,23.8,321.35
315,131,2024-10-19,completed,0.0,0.095,39.18,3.72,42.9
316,132,2023-06-18,completed,27.21,0.095,184.33,14.93,172.05
317,132,2024-08-18,completed,0.0,0.06,871.1,52.27,923.37
318,132,2024-08-19,shipped,20.7,0.06,784.65,45.84,809.79
319,133,2024-07-25,completed,0.0,0.095,418.85,39.79,458.64
320,133,2024-05-21,shipped,0.0,0.06,610.53,36.63,647.16
321,133,2024-01-12,completed,0.0,0.06,1115.84,66.95,1182.79
322,133,2023-02-14,completed,30.51,0.088,357.75,28.8,356.04
323,134,2023-07-11,completed,0.0,0.088,63.96,5.63,69.59
324,135,2024-09-02,processing,0.0,0.095,31.42,2.98,34.4
325,136,2024-09-22,completed,0.0,0.095,588.94,55.95,644.89
326,136,2024-11-24,completed,0.0,0.075,66.8,5.01,71.81
327,137,2024-06-17,completed,15.93,0.06,1781.44,105.93,1871.44
328,138,2023-01-15,shipped,14.84,0.088,20.4,0.49,6.05
329,139,2024-07-22,completed,6.05,0.08,320.63,25.17,339.75
330,139,2024-03-20,processing,0.0,0.088,137.13,12.07,149.2
331,139,2023-02-25,completed,0.0,0.088,126.17,11.1,137.27
332,140,2024-05-26,shipped,0.0,0.088,183.08,16.11,199.19
333,141,2024-07-09,completed,0.0,0.095,1745.25,165.8,1911.05
334,142,2023-09-20,completed,29.8,0.08,525.0,39.62,534.82
335,142,2023-05-02,completed,18.26,0.095,572.0,52.61,606.35
336,143,2024-09-24,shipped,0.0,0.08,2069.08,165.53,2234.61
337,143,2023-08-02,completed,0.0,0.088,55.05,4.84,59.89
338,143,2024-11-25,processing,0.0,0.06,223.41,13.4,236.81
339,143,2024-02-05,shipped,0.0,0.095,1122.12,106.6,1228.72
340,144,2024-09-22,completed,0.0,0.08,161.58,12.93,174.51
341,144,2024-11-08,completed,19.9,0.088,101.8,7.21,89.11
342,144,2024-03-03,completed,33.77,0.088,248.96,18.94,234.13
343,144,2023-03-28,cancelled,32.57,0.095,149.46,11.1,127.99
344,145,2024-08-17,completed,0.0,0.06,276.48,16.59,293.07
345,145,2024-03-02,completed,0.0,0.095,964.96,91.67,1056.63
346,145,2024-11-24,completed,9.61,0.08,358.7,27.93,377.02
347,146,2023-12-06,completed,0.0,0.06,85.37,5.12,90.49
348,146,2024-03-15,shipped,0.0,0.088,260.01,22.88,282.89
349,147,2023-06-11,processing,21.32,0.075,11.4,0.0,0.0
350,148,2023-04-06,completed,19.4,0.075,333.12,23.53,337.25
351,149,2023-06-21,processing,0.0,0.095,2140.84,203.38,2344.22
352,150,2023-07-16,shipped,19.95,0.075,8.19,0.0,0.0
353,150,2023-12-25,completed,0.0,0.088,805.08,70.85,875.93
354,151,2024-09-13,cancelled,29.37,0.06,325.52,17.77,313.92
355,151,2023-01-12,shipped,14.2,0.08,54.15,3.2,43.15
356,151,2024-11-30,completed,0.0,0.06,99.16,5.95,105.11
357,151,2024-02-23,shipped,12.7,0.075,99.47,6.51,93.28
358,151,2023-04-19,shipped,0.0,0.06,177.84,10.67,188.51
359,152,2023-10-07,shipped,0.0,0.095,68.06,6.47,74.53
360,152,2024-06-06,completed,0.0,0.088,139.77,12.3,152.07
361,152,2023-06-10,completed,6.33,0.095,49.53,4.1,47.3
362,153,2024-06-03,cancelled,0.0,0.095,316.7,30.09,346.79
363,153,2023-07-05,completed,11.6,0.06,61.73,3.01,53.14
364,153,2024-06-24,completed,0.0,0.06,44.86,2.69,47.55
365,153,2023-06-26,shipped,0.0,0.075,34.22,2.57,36.79
366,154,2024-10-03,shipped,0.0,0.088,56.21,4.95,61.16
367,154,2024-08-11,cancelled,0.0,0.075,49.05,3.68,52.73
368,154,2024-05-24,shipped,0.0,0.08,647.48,51.8,699.28
369,154,2024-06-26,shipped,0.0,0.095,55.96,5.32,61.28
370,154,2023-05-22,cancelled,0.0,0.06,231.14,13.87,245.01
371,155,2023-08-02,shipped,11.5,0.06,47.85,2.18,38.53
372,155,2023-12-20,completed,5.91,0.08,50.55,3.57,48.21
373,156,2023-11-04,shipped,0.0,0.06,133.78,8.03,141.81
374,157,2023-10-29,completed,0.0,0.095,614.04,58.33,672.37
375,158,2024-06-17,completed,0.0,0.075,710.13,53.26,763.39
376,159,2024-01-10,completed,32.25,0.06,905.08,52.37,925.2
377,159,2023-06-22,completed,0.0,0.088,61.66,5.43,67.09
378,159,2023-08-22,completed,0.0,0.06,64.82,3.89,68.71
379,159,2024-08-14,completed,15.38,0.088,14.84,0.0,0.0
380,160,2023-09-19,completed,0.0,0.075,54.76,4.11,58.87
381,160,2023-02-13,completed,0.0,0.088,285.73,25.14,310.87
382,160,2023-03-05,completed,15.44,0.06,743.75,43.7,772.01
383,160,2024-02-29,completed,0.0,0.088,46.78,4.12,50.9
384,161,2024-07-05,shipped,0.0,0.08,159.36,12.75,172.11
385,162,2023-12-05,completed,0.0,0.06,367.09,22.03,389.12
386,163,2024-11-21,completed,0.0,0.088,480.3,42.27,522.57
387,163,2023-06-18,completed,27.03,0.088,170.83,12.65,156.45
388,164,2024-11-01,shipped,30.57,0.095,240.64,19.96,230.03
389,164,2023-09-24,shipped,0.0,0.088,205.6,18.09,223.69
390,164,2023-04-26,completed,0.0,0.088,20.38,1.79,22.17
391,165,2024-06-28,cancelled,12.47,0.088,127.0,10.08,124.61
392,165,2023-03-12,processing,0.0,0.088,86.74,7.63,94.37
393,165,2024-04-07,completed,0.0,0.08,94.89,7.59,102.48
394,165,2023-11-29,shipped,0.0,0.088,207.2,18.23,225.43
395,166,2023-01-19,completed,7.7,0.095,16.04,0.79,9.13
396,167,2024-08-25,completed,0.0,0.095,45.91,4.36,50.27
397,168,2024-06-14,shipped,0.0,0.08,289.02,23.12,312.14
398,168,2023-12-03,completed,0.0,0.075,64.18,4.81,68.99
399,169,2023-11-30,completed,0.0,0.075,463.32,34.75,498.07
400,169,2023-10-25,completed,0.0,0.088,243.96,21.47,265.43
401,169,2023-07-24,processing,0.0,0.088,125.59,11.05,136.64
402,169,2024-04-08,shipped,19.74,0.095,209.09,17.99,207.34
403,169,2024-03-08,shipped,0.0,0.06,1382.53,82.95,1465.48
404,169,2023-12-10,processing,0.0,0.095,625.15,59.39,684.54
405,169,2024-04-26,cancelled,0.0,0.095,320.03,30.4,350.43
406,170,2023-01-10,completed,0.0,0.075,860.96,64.57,925.53
407,170,2023-03-12,shipped,24.47,0.08,21.03,0.0,0.0
408,170,2024-03-27,completed,0.0,0.08,412.66,33.01,445.67
409,171,2023-12-21,completed,0.0,0.06,558.09,33.49,591.58
410,172,2024-03-07,shipped,0.0,0.095,100.19,9.52,109.71
411,172,2024-09-07,completed,0.0,0.08,532.6,42.61,575.21
412,172,2024-11-24,completed,25.57,0.08,321.39,23.67,319.49
413,173,2023-10-20,completed,5.93,0.088,9.61,0.32,4.0
414,173,2023-09-15,completed,14.84,0.08,199.63,14.78,199.57
415,173,2024-03-20,completed,0.0,0.088,146.56,12.9,159.46
416,174,2023-07-19,completed,0.0,0.075,777.71,58.33,836.04
417,174,2024-06-16,completed,0.0,0.088,104.74,9.22,113.96
418,175,2023-02-19,cancelled,20.25,0.088,211.92,16.87,208.54
419,175,2024-03-22,completed,0.0,0.088,274.25,24.13,298.38
420,175,2023-12-21,completed,0.0,0.075,482.51,36.19,518.7
421,176,2023-09-23,completed,0.0,0.095,329.83,31.33,361.16
422,177,2024-07-21,shipped,15.31,0.06,333.48,19.09,337.26
423,177,2024-01-24,completed,0.0,0.075,388.95,29.17,418.12
424,178,2023-04-09,completed,0.0,0.075,287.62,21.57,309.19
425,178,2024-02-12,completed,5.06,0.095,88.55,7.93,91.42
426,179,2024-07-25,shipped,32.44,0.08,238.35,16.47,222.38
427,180,2023-07-18,completed,34.61,0.095,556.51,49.58,571.48
428,180,2024-08-04,completed,0.0,0.095,190.44,18.09,208.53
429,181,2024-05-13,processing,0.0,0.08,114.19,9.14,123.33
430,181,2023-01-27,completed,0.0,0.08,73.38,5.87,79.25
431,182,2024-06-14,completed,0.0,0.088,220.88,19.44,240.32
432,182,2023-03-09,processing,21.41,0.095,73.14,4.91,56.64
433,182,2023-04-21,completed,0.0,0.08,264.1,21.13,285.23
434,182,2024-01-22,completed,0.0,0.075,247.17,18.54,265.71
435,183,2024-06-25,completed,0.0,0.08,196.16,15.69,211.85
436,183,2023-07-10,completed,0.0,0.095,129.38,12.29,141.67
437,183,2024-06-07,completed,0.0,0.095,110.23,10.47,120.7
438,184,2023-06-14,completed,0.0,0.08,22.28,1.78,24.06
439,184,2023-11-10,completed,0.0,0.075,257.85,19.34,277.19
440,185,2024-10-11,completed,0.0,0.06,187.33,11.24,198.57
441,186,2023-08-14,completed,0.0,0.075,14.08,1.06,15.14
442,186,2023-03-21,cancelled,33.33,0.08,343.97,24.85,335.49
443,186,2023-03-20,completed,34.67,0.06,307.68,16.38,289.39
444,186,2024-04-12,completed,0.0,0.06,11.78,0.71,12.49
445,187,2024-11-24,completed,0.0,0.075,92.39,6.93,99.32
446,187,2024-04-09,completed,9.3,0.06,810.47,48.07,849.24
447,187,2024-02-06,completed,0.0,0.06,975.72,58.54,1034.26
448,188,2024-09-28,completed,0.0,0.06,227.88,13.67,241.55
449,189,2024-02-22,completed,0.0,0.08,147.36,11.79,159.15
450,190,2023-11-01,completed,34.71,0.075,133.2,7.39,105.88
451,191,2024-01-15,completed,0.0,0.08,229.24,18.34,247.58
452,191,2023-06-19,completed,0.0,0.06,304.07,18.24,322.31
453,191,2023-04-03,shipped,15.71,0.06,472.79,27.42,484.5
454,191,2023-10-17,completed,0.0,0.075,518.02,38.85,556.87
455,191,2024-07-12,completed,0.0,0.06,566.62,34.0,600.62
456,191,2024-11-27,processing,0.0,0.06,442.28,26.54,468.82
457,192,2024-03-29,completed,7.63,0.075,366.77,26.94,386.08
458,192,2024-09-18,completed,14.45,0.075,61.93,3.56,51.04
459,193,2023-06-27,shipped,0.0,0.095,266.34,25.3,291.64
460,193,2024-03-29,completed,0.0,0.095,368.97,35.05,404.02
461,193,2023-05-28,completed,0.0,0.08,64.08,5.13,69.21
462,193,2024-07-28,completed,0.0,0.095,292.34,27.77,320.11
463,194,2024-05-01,processing,0.0,0.06,649.33,38.96,688.29
464,194,2024-04-07,completed,16.0,0.075,713.07,52.28,749.35
465,194,2023-11-05,shipped,0.0,0.095,15.82,1.5,17.32
466,195,2023-08-10,completed,0.0,0.095,31.74,3.02,34.76
467,195,2023-10-25,cancelled,0.0,0.095,739.95,70.3,810.25
468,195,2023-11-11,completed,0.0,0.08,482.0,38.56,520.56
469,195,2024-05-31,processing,0.0,0.088,73.39,6.46,79.85
470,196,2024-02-26,completed,0.0,0.08,121.78,9.74,131.52
471,196,2023-11-03,completed,0.0,0.088,331.49,29.17,360.66
472,196,2023-04-28,completed,0.0,0.075,350.42,26.28,376.7
473,197,2024-09-08,completed,0.0,0.095,646.68,61.43,708.11
474,197,2024-04-15,completed,27.94,0.06,1252.33,73.46,1297.85
475,198,2023-04-16,completed,0.0,0.075,438.03,32.85,470.88
476,199,2023-12-26,completed,0.0,0.095,724.46,68.82,793.28
477,199,2023-11-26,processing,7.86,0.075,124.92,8.78,125.84
478,199,2023-02-05,processing,0.0,0.088,304.58,26.8,331.38
479,200,2024-09-15,completed,0.0,0.088,131.03,11.53,142.56
480,200,2024-08-30,processing,0.0,0.08,397.49,31.8,429.29
481,200,2024-05-06,shipped,0.0,0.095,1625.82,154.45,1780.27
482,200,2023-10-23,completed,0.0,0.095,475.6,45.18,520.78
483,201,2023-12-28,shipped,0.0,0.095,225.58,21.43,247.01
484,201,2023-04-10,completed,0.0,0.08,62.17,4.97,67.14
485,201,2023-02-25,shipped,0.0,0.095,12.44,1.18,13.62
486,201,2023-01-01,completed,0.0,0.08,27.29,2.18,29.47
487,202,2023-02-11,shipped,0.0,0.06,78.5,4.71,83.21
488,203,2023-12-10,completed,0.0,0.08,1831.44,146.52,1977.96
489,204,2023-10-15,completed,0.0,0.095,504.78,47.95,552.73
490,205,2024-03-22,processing,0.0,0.075,282.18,21.16,303.34
491,205,2023-01-23,completed,0.0,0.075,62.53,4.69,67.22
492,206,2024-09-10,shipped,0.0,0.095,724.33,68.81,793.14
493,206,2024-05-14,completed,23.35,0.088,734.41,62.57,773.63
494,207,2024-04-20,shipped,0.0,0.095,864.63,82.14,946.77
495,207,2023-08-31,processing,0.0,0.08,573.07,45.85,618.92
496,207,2024-10-02,completed,0.0,0.06,13.89,0.83,14.72
497,208,2024-11-27,shipped,0.0,0.08,101.65,8.13,109.78
498,208,2024-10-13,processing,0.0,0.06,707.11,42.43,749.54
499,208,2024-04-22,shipped,0.0,0.075,654.96,49.12,704.08
500,209,2024-10-02,completed,0.0,0.088,679.39,59.79,739.18
501,209,2024-06-05,shipped,0.0,0.075,1135.22,85.14,1220.36
502,209,2023-07-02,completed,0.0,0.06,59.74,3.58,63.32
503,210,2023-05-15,shipped,0.0,0.095,81.23,7.72,88.95
504,211,2023-12-16,completed,0.0,0.06,50.33,3.02,53.35
505,212,2024-11-05,completed,0.0,0.08,20.43,1.63,22.06
506,213,2023-10-06,completed,0.0,0.088,31.14,2.74,33.88
507,213,2024-07-18,completed,24.66,0.095,74.06,4.69,54.09
508,213,2024-11-18,completed,20.26,0.095,54.43,3.25,37.42
509,214,2023-11-17,completed,10.87,0.095,51.24,3.84,44.21
510,215,2023-07-16,completed,20.92,0.06,2369.12,140.89,2489.09
511,216,2024-08-12,completed,0.0,0.06,12.98,0.78,13.76
512,217,2024-05-25,completed,0.0,0.095,994.13,94.44,1088.57
513,217,2024-05-09,completed,29.47,0.08,424.5,31.6,426.63
514,217,2023-01-20,cancelled,19.36,0.088,484.88,40.97,506.49
515,217,2024-05-06,completed,0.0,0.095,169.37,16.09,185.46
516,217,2024-10-19,completed,0.0,0.095,126.32,12.0,138.32
517,217,2024-11-14,completed,8.89,0.075,343.3,25.08,359.49
518,218,2024-09-24,completed,0.0,0.095,276.6,26.28,302.88
519,219,2023-07-01,completed,22.7,0.06,176.84,9.25,163.39
520,220,2023-05-25,completed,0.0,0.08,20.36,1.63,21.99
521,220,2024-07-28,shipped,0.0,0.08,232.14,18.57,250.71
522,221,2023-05-23,completed,15.33,0.06,353.95,20.32,358.94
523,222,2023-01-18,shipped,12.76,0.08,81.09,5.47,73.8
524,222,2023-07-16,completed,33.04,0.06,588.98,33.36,589.3
525,222,2023-01-15,completed,0.0,0.095,263.77,25.06,288.83
526,223,2024-04-21,completed,0.0,0.06,224.17,13.45,237.62
527,223,2023-01-13,shipped,0.0,0.088,668.0,58.78,726.78
528,223,2024-03-28,completed,19.22,0.095,144.69,11.92,137.39
529,224,2023-07-01,completed,20.34,0.06,502.04,28.9,510.6
530,225,2023-01-13,completed,12.03,0.06,85.62,4.42,78.01
531,226,2024-11-25,processing,20.59,0.088,1194.37,103.29,1277.07
532,226,2024-01-25,completed,0.0,0.06,751.23,45.07,796.3
533,226,2023-12-11,shipped,0.0,0.095,304.67,28.94,333.61
534,226,2024-05-04,shipped,0.0,0.08,541.19,43.3,584.49
535,226,2024-10-13,cancelled,0.0,0.088,280.56,24.69,305.25
536,227,2024-06-30,completed,0.0,0.08,158.68,12.69,171.37
537,227,2024-09-07,completed,0.0,0.06,355.99,21.36,377.35
538,228,2023-10-26,completed,0.0,0.088,764.95,67.32,832.27
539,229,2024-06-27,completed,19.15,0.075,100.24,6.08,87.17
540,229,2023-12-24,completed,9.63,0.095,102.08,8.78,101.23
541,230,2024-01-12,shipped,0.0,0.075,513.76,38.53,552.29
542,230,2023-02-04,completed,10.41,0.075,36.29,1.94,27.82
543,231,2024-08-16,shipped,0.0,0.088,496.15,43.66,539.81
544,232,2024-06-25,completed,0.0,0.08,941.25,75.3,1016.55
545,233,2024-06-13,completed,6.57,0.06,30.55,1.44,25.42
546,233,2023-06-08,completed,0.0,0.06,66.88,4.01,70.89
547,233,2024-10-18,completed,0.0,0.06,71.62,4.3,75.92
548,233,2024-03-26,completed,0.0,0.06,28.56,1.71,30.27
549,234,2024-01-16,completed,0.0,0.06,199.65,11.98,211.63
550,234,2024-11-04,processing,0.0,0.075,215.47,16.16,231.63
551,235,2023-01-04,shipped,0.0,0.08,490.67,39.25,529.92
552,235,2023-08-31,completed,14.44,0.075,275.31,19.57,280.44
553,236,2024-01-29,completed,0.0,0.06,472.62,28.36,500.98
554,236,2023-07-19,completed,30.27,0.08,445.87,33.25,448.85
555,236,2024-02-28,shipped,0.0,0.088,32.8,2.89,35.69
556,236,2024-04-21,completed,6.35,0.06,24.89,1.11,19.65
557,236,2024-05-26,completed,14.82,0.08,112.86,7.84,105.88
558,237,2024-08-28,completed,24.76,0.06,111.07,5.18,91.49
559,238,2023-03-07,completed,0.0,0.095,1565.05,148.68,1713.73
560,239,2023-03-20,completed,12.14,0.088,650.06,56.14,694.06
561,239,2023-10-24,completed,24.08,0.095,51.56,2.61,30.09
562,240,2023-10-07,completed,0.0,0.095,161.4,15.33,176.73
563,241,2024-06-19,completed,30.51,0.08,328.29,23.82,321.6
564,242,2023-01-05,completed,0.0,0.075,91.24,6.84,98.08
565,243,2023-03-05,completed,0.0,0.088,107.36,9.45,116.81
566,243,2024-07-05,completed,0.0,0.08,361.85,28.95,390.8
567,243,2024-08-25,shipped,0.0,0.06,7.99,0.48,8.47
568,243,2024-06-28,processing,0.0,0.08,204.95,16.4,221.35
569,244,2024-03-28,completed,0.0,0.08,359.71,28.78,388.49
570,245,2024-01-16,shipped,30.52,0.08,45.66,1.21,16.35
571,246,2023-02-03,shipped,0.0,0.088,437.48,38.5,475.98
572,246,2024-04-17,completed,0.0,0.088,114.94,10.11,125.05
573,247,2023-03-22,shipped,0.0,0.06,102.34,6.14,108.48
574,247,2023-03-12,completed,5.89,0.075,85.56,5.98,85.65
575,248,2023-04-12,completed,0.0,0.075,270.15,20.26,290.41
576,248,2023-03-30,completed,0.0,0.088,358.99,31.59,390.58
577,249,2023-11-28,completed,27.38,0.088,903.93,77.14,953.69
578,250,2023-10-05,shipped,0.0,0.06,431.36,25.88,457.24
579,250,2023-01-07,shipped,0.0,0.075,263.1,19.73,282.83
580,250,2024-11-18,completed,0.0,0.088,532.46,46.86,579.32
581,251,2023-03-02,completed,15.93,0.095,96.04,7.61,87.72
582,252,2023-08-04,completed,0.0,0.095,14.15,1.34,15.49
583,253,2024-04-08,shipped,0.0,0.088,50.52,4.45,54.97
584,253,2024-01-15,completed,0.0,0.088,219.14,19.28,238.42
585,253,2023-05-10,completed,19.9,0.095,643.46,59.24,682.8
586,254,2023-10-10,cancelled,0.0,0.075,51.96,3.9,55.86
587,255,2023-01-09,completed,32.69,0.075,111.96,5.95,85.22
588,256,2023-09-13,completed,0.0,0.088,1468.17,129.2,1597.37
589,256,2024-05-17,cancelled,0.0,0.06,35.12,2.11,37.23
590,256,2023-02-21,completed,0.0,0.088,170.62,15.01,185.63
591,257,2023-11-30,completed,0.0,0.08,85.3,6.82,92.12
592,258,2024-06-11,processing,0.0,0.088,399.58,35.16,434.74
593,258,2023-07-14,completed,0.0,0.095,1570.2,149.17,1719.37
594,258,2023-09-14,completed,0.0,0.075,1245.57,93.42,1338.99
595,258,2024-05-07,completed,0.0,0.088,293.98,25.87,319.85
596,258,2023-05-01,completed,0.0,0.06,66.32,3.98,70.3
597,259,2023-10-31,completed,34.84,0.06,139.16,6.26,110.58
598,259,2023-05-15,completed,18.91,0.075,71.95,3.98,57.02
599,260,2023-11-13,completed,17.5,0.06,495.39,28.67,506.56
600,260,2023-10-13,completed,0.0,0.095,577.59,54.87,632.46
601,260,2023-07-22,processing,0.0,0.088,1554.58,136.8,1691.38
602,260,2023-11-03,completed,0.0,0.08,31.14,2.49,33.63
603,261,2024-04-30,completed,0.0,0.075,122.63,9.2,131.83
604,261,2024-08-22,shipped,0.0,0.075,473.92,35.54,509.46
605,261,2023-10-14,completed,31.24,0.06,17.85,0.0,0.0
606,261,2024-10-19,shipped,27.11,0.06,231.28,12.25,216.42
607,262,2023-01-17,completed,30.7,0.075,96.71,4.95,70.96
608,263,2024-05-25,shipped,0.0,0.075,647.72,48.58,696.3
609,263,2023-09-25,completed,0.0,0.088,138.87,12.22,151.09
610,264,2023-12-01,completed,0.0,0.095,427.72,40.63,468.35
611,264,2023-06-30,completed,0.0,0.06,198.93,11.94,210.87
612,264,2023-11-04,completed,0.0,0.06,1493.31,89.6,1582.91
613,265,2023-11-01,completed,0.0,0.095,128.64,12.22,140.86
614,265,2023-10-22,completed,0.0,0.08,129.86,10.39,140.25
615,265,2023-05-11,completed,0.0,0.08,11.66,0.93,12.59
616,266,2024-05-12,completed,0.0,0.095,276.98,26.31,303.29
617,267,2023-10-09,completed,12.1,0.095,164.88,14.51,167.29
618,268,2024-06-13,completed,0.0,0.088,117.8,10.37,128.17
619,268,2024-02-17,completed,0.0,0.075,98.95,7.42,106.37
620,268,2024-01-21,completed,0.0,0.06,131.27,7.88,139.15
621,269,2024-10-04,completed,0.0,0.06,243.7,14.62,258.32
622,269,2023-05-17,processing,0.0,0.08,40.56,3.24,43.8
623,269,2024-03-18,completed,0.0,0.095,434.76,41.3,476.06
624,269,2024-08-26,processing,0.0,0.08,209.44,16.76,226.2
625,270,2024-01-12,completed,11.43,0.088,82.61,6.26,77.44
626,271,2023-07-01,completed,0.0,0.075,82.77,6.21,88.98
627,271,2024-07-06,completed,0.0,0.06,101.98,6.12,108.1
628,271,2024-06-23,completed,34.93,0.088,1242.94,106.3,1314.31
629,272,2023-10-06,processing,14.57,0.095,458.28,42.15,485.86
630,272,2023-09-03,shipped,0.0,0.06,597.75,35.87,633.62
631,273,2024-10-13,completed,0.0,0.095,207.79,19.74,227.53
632,274,2024-04-20,shipped,0.0,0.095,965.91,91.76,1057.67
633,274,2023-10-30,completed,29.44,0.06,2014.97,119.13,2104.66
634,275,2024-05-25,completed,0.0,0.08,246.95,19.76,266.71
635,275,2023-05-25,completed,0.0,0.088,20.22,1.78,22.0
636,276,2023-06-05,completed,0.0,0.075,1123.25,84.24,1207.49
637,277,2023-11-11,shipped,0.0,0.075,92.8,6.96,99.76
638,277,2023-07-26,completed,17.42,0.08,434.96,33.4,450.94
639,277,2024-07-02,completed,0.0,0.095,71.86,6.83,78.69
640,278,2023-05-04,shipped,0.0,0.075,208.53,15.64,224.17
641,278,2024-07-26,completed,0.0,0.06,231.13,13.87,245.0
642,278,2024-03-28,completed,0.0,0.075,168.27,12.62,180.89
643,279,2023-03-24,completed,0.0,0.088,360.45,31.72,392.17
644,280,2023-02-21,completed,7.6,0.095,1203.28,113.59,1309.27
645,280,2023-12-30,completed,0.0,0.08,158.81,12.7,171.51
646,280,2024-07-19,processing,13.14,0.08,150.97,11.03,148.86
647,281,2024-09-29,completed,0.0,0.06,67.27,4.04,71.31
648,281,2024-10-04,completed,0.0,0.088,19.16,1.69,20.85
649,281,2023-06-20,completed,0.0,0.08,529.02,42.32,571.34
650,282,2023-08-14,completed,0.0,0.075,86.81,6.51,93.32
651,282,2024-06-16,completed,30.8,0.088,284.86,22.36,276.42
652,282,2024-08-04,shipped,16.82,0.06,356.84,20.4,360.42
653,283,2024-11-25,completed,0.0,0.075,167.73,12.58,180.31
654,284,2023-02-10,completed,31.66,0.075,104.43,5.46,78.23
655,284,2024-05-13,completed,10.4,0.08,21.73,0.91,12.24
656,285,2024-11-23,processing,0.0,0.08,116.56,9.32,125.88
657,285,2023-11-15,completed,0.0,0.075,195.5,14.66,210.16
658,285,2024-09-28,completed,29.45,0.095,126.45,9.21,106.21
659,286,2024-02-15,completed,0.0,0.095,156.48,14.87,171.35
660,286,2024-05-24,processing,0.0,0.075,240.52,18.04,258.56
661,286,2024-08-17,completed,0.0,0.075,837.93,62.84,900.77
662,287,2024-08-27,shipped,0.0,0.088,390.97,34.41,425.38
663,287,2024-03-28,completed,0.0,0.06,1995.44,119.73,2115.17
664,287,2024-01-05,processing,0.0,0.06,498.56,29.91,528.47
665,288,2024-10-15,shipped,22.86,0.08,79.04,4.49,60.67
666,288,2024-07-14,shipped,11.83,0.088,20.28,0.74,9.19
667,288,2024-03-08,cancelled,0.0,0.075,183.06,13.73,196.79
668,288,2023-10-30,completed,15.83,0.095,287.25,25.78,297.2
669,288,2023-06-06,completed,0.0,0.06,244.2,14.65,258.85
670,288,2023-05-28,completed,0.0,0.075,41.97,3.15,45.12
671,288,2024-02-11,completed,0.0,0.06,943.55,56.61,1000.16
672,289,2024-04-26,completed,0.0,0.095,201.15,19.11,220.26
673,290,2024-06-21,processing,0.0,0.095,50.3,4.78,55.08
674,291,2024-07-13,completed,0.0,0.06,13.86,0.83,14.69
675,292,2023-05-22,completed,5.21,0.095,200.18,18.52,213.49
676,293,2023-12-09,completed,0.0,0.075,30.98,2.32,33.3
677,293,2024-11-02,completed,0.0,0.08,31.36,2.51,33.87
678,293,2023-12-31,shipped,0.0,0.088,18.06,1.59,19.65
679,294,2024-04-02,shipped,0.0,0.088,317.73,27.96,345.69
680,294,2023-05-22,completed,11.13,0.075,1040.08,77.17,1106.12
681,295,2023-02-14,completed,0.0,0.075,674.19,50.56,724.75
682,296,2024-02-22,shipped,0.0,0.095,77.52,7.36,84.88
683,296,2023-08-15,completed,0.0,0.088,23.79,2.09,25.88
684,297,2023-12-28,completed,0.0,0.06,272.37,16.34,288.71
685,297,2024-07-01,completed,10.95,0.08,1222.3,96.91,1308.26
686,298,2024-01-29,shipped,0.0,0.095,66.14,6.28,72.42
687,299,2024-01-24,completed,0.0,0.075,386.82,29.01,415.83
688,300,2024-11-07,cancelled,0.0,0.06,20.86,1.25,22.11
689,300,2023-12-09,completed,0.0,0.08,24.55,1.96,26.51
690,300,2023-02-09,completed,0.0,0.08,355.87,28.47,384.34
691,300,2024-01-27,completed,0.0,0.06,147.9,8.87,156.77
692,301,2023-07-18,completed,0.0,0.08,51.95,4.16,56.11
693,301,2023-06-18,completed,0.0,0.08,298.16,23.85,322.01
694,301,2024-10-21,cancelled,0.0,0.08,597.99,47.84,645.83
695,301,2023-11-29,completed,0.0,0.06,155.55,9.33,164.88
696,301,2023-10-17,completed,6.55,0.08,218.0,16.92,228.37
697,302,2023-12-29,completed,0.0,0.088,87.89,7.73,95.62
698,302,2024-07-26,shipped,0.0,0.08,67.22,5.38,72.6
699,303,2023-01-16,shipped,24.3,0.08,423.36,31.92,430.98
700,303,2024-11-12,completed,0.0,0.095,111.31,10.57,121.88
701,303,2024-09-06,shipped,0.0,0.088,470.92,41.44,512.36
702,303,2024-07-29,completed,0.0,0.075,18.3,1.37,19.67
703,303,2023-10-23,shipped,0.0,0.088,68.06,5.99,74.05
704,303,2023-01-18,completed,0.0,0.095,27.06,2.57,29.63
705,303,2023-10-12,completed,0.0,0.08,146.44,11.72,158.16
706,303,2023-07-01,completed,0.0,0.08,261.7,20.94,282.64
707,304,2024-06-30,cancelled,0.0,0.095,321.76,30.57,352.33
708,305,2023-08-20,processing,0.0,0.08,147.78,11.82,159.6
709,306,2024-08-22,shipped,0.0,0.075,95.19,7.14,102.33
710,307,2024-06-05,completed,30.05,0.095,314.68,27.04,311.67
711,308,2024-02-13,completed,0.0,0.095,137.92,13.1,151.02
712,308,2024-11-18,completed,0.0,0.08,230.71,18.46,249.17
713,309,2024-01-04,completed,14.05,0.08,201.54,15.0,202.49
714,310,2023-12-17,completed,24.47,0.06,120.12,5.74,101.39
715,310,2023-12-17,shipped,0.0,0.075,640.97,48.07,689.04
716,310,2024-03-24,completed,0.0,0.088,1174.13,103.32,1277.45
717,310,2024-06-04,completed,0.0,0.06,57.52,3.45,60.97
718,310,2023-01-12,completed,0.0,0.08,641.12,51.29,692.41
719,311,2023-06-21,completed,0.0,0.088,1031.84,90.8,1122.64
720,312,2023-11-12,completed,0.0,0.095,91.91,8.73,100.64
721,312,2024-06-04,shipped,31.41,0.06,486.9,27.33,482.82
722,313,2023-07-07,shipped,0.0,0.075,343.04,25.73,368.77
723,313,2024-04-30,completed,0.0,0.06,31.01,1.86,32.87
724,314,2024-11-19,processing,0.0,0.06,114.17,6.85,121.02
725,315,2024-08-31,cancelled,0.0,0.075,12.0,0.9,12.9
726,315,2024-02-09,completed,0.0,0.08,28.72,2.3,31.02
727,316,2023-12-13,completed,0.0,0.06,1390.33,83.42,1473.75
728,317,2024-07-13,completed,0.0,0.08,81.11,6.49,87.6
729,317,2023-03-06,shipped,0.0,0.075,481.98,36.15,518.13
730,318,2024-06-16,completed,0.0,0.088,285.74,25.15,310.89
731,318,2024-05-07,completed,0.0,0.08,504.24,40.34,544.58
732,319,2024-09-23,completed,0.0,0.075,271.16,20.34,291.5
733,320,2024-01-20,shipped,0.0,0.06,1030.5,61.83,1092.33
734,321,2023-01-28,shipped,0.0,0.095,126.8,12.05,138.85
735,322,2024-07-31,completed,0.0,0.08,375.05,30.0,405.05
736,322,2023-10-08,processing,0.0,0.06,604.72,36.28,641.0
737,323,2024-09-16,processing,19.71,0.095,36.37,1.58,18.24
738,324,2024-02-22,processing,16.46,0.095,220.5,19.38,223.42
739,324,2024-10-04,shipped,10.33,0.08,312.47,24.17,326.31
740,324,2024-06-16,completed,0.0,0.095,709.47,67.4,776.87
741,324,2024-10-25,completed,0.0,0.06,102.3,6.14,108.44
742,325,2023-12-19,completed,18.45,0.088,116.47,8.63,106.65
743,326,2024-10-21,completed,0.0,0.088,175.6,15.45,191.05
744,326,2023-08-11,completed,0.0,0.075,481.26,36.09,517.35
745,326,2024-06-11,completed,0.0,0.088,81.44,7.17,88.61
746,327,2024-02-15,completed,0.0,0.075,47.51,3.56,51.07
747,327,2024-11-27,completed,0.0,0.075,37.19,2.79,39.98
748,327,2023-04-04,completed,0.0,0.075,158.83,11.91,170.74
749,327,2024-06-18,completed,24.03,0.075,687.9,49.79,713.66
750,327,2023-09-03,completed,0.0,0.06,1045.34,62.72,1108.06
751,327,2023-06-27,completed,15.31,0.095,718.65,66.82,770.16
752,327,2023-07-03,completed,0.0,0.088,91.75,8.07,99.82
753,327,2023-07-16,shipped,24.98,0.088,593.14,50.0,618.16
754,328,2024-09-04,completed,0.0,0.075,203.16,15.24,218.4
755,329,2023-09-21,shipped,0.0,0.06,340.33,20.42,360.75
756,330,2023-11-30,shipped,0.0,0.095,97.67,9.28,106.95
757,331,2023-07-26,completed,0.0,0.095,171.82,16.32,188.14
758,331,2023-07-21,completed,0.0,0.095,726.68,69.03,795.71
759,331,2024-07-11,processing,0.0,0.095,290.95,27.64,318.59
760,331,2023-09-30,shipped,0.0,0.088,200.64,17.66,218.3
761,331,2023-12-10,completed,0.0,0.095,75.08,7.13,82.21
762,332,2023-07-28,shipped,11.49,0.075,73.43,4.65,66.59
763,332,2023-05-22,shipped,0.0,0.075,381.5,28.61,410.11
764,332,2023-07-10,shipped,0.0,0.075,185.81,13.94,199.75
765,333,2023-07-22,completed,16.63,0.095,227.49,20.03,230.89
766,333,2023-01-05,completed,0.0,0.08,1999.69,159.98,2159.67
767,334,2023-09-19,completed,0.0,0.088,56.54,4.98,61.52
768,335,2024-05-30,completed,0.0,0.06,60.52,3.63,64.15
769,335,2023-04-22,completed,0.0,0.06,459.46,27.57,487.03
770,336,2024-04-26,completed,0.0,0.075,40.8,3.06,43.86
771,336,2023-08-22,cancelled,0.0,0.06,111.25,6.67,117.92
772,336,2024-11-18,completed,0.0,0.075,191.95,14.4,206.35
773,337,2023-04-03,cancelled,29.52,0.088,466.93,38.49,475.9
774,337,2023-04-13,completed,0.0,0.088,694.67,61.13,755.8
775,337,2023-08-10,shipped,7.76,0.08,11.39,0.29,3.92
776,337,2023-11-30,processing,0.0,0.075,548.74,41.16,589.9
777,337,2023-09-21,shipped,27.16,0.095,705.82,64.47,743.13
778,338,2023-06-20,completed,0.0,0.095,826.49,78.52,905.01
779,339,2023-01-28,shipped,10.24,0.08,55.86,3.65,49.27
780,340,2023-05-04,completed,0.0,0.06,154.25,9.25,163.5
781,340,2024-03-24,completed,8.19,0.088,399.36,34.42,425.59
782,341,2023-08-12,shipped,0.0,0.095,65.82,6.25,72.07
783,342,2023-09-18,completed,0.0,0.088,25.26,2.22,27.48
784,343,2023-02-09,completed,0.0,0.06,26.81,1.61,28.42
785,343,2024-04-06,completed,0.0,0.095,466.38,44.31,510.69
786,343,2024-10-15,processing,32.38,0.075,110.04,5.82,83.48
787,344,2024-03-14,shipped,0.0,0.08,72.56,5.8,78.36
788,345,2024-08-09,processing,12.52,0.075,89.22,5.75,82.45
789,346,2023-06-09,completed,0.0,0.06,166.0,9.96,175.96
790,347,2023-11-23,processing,0.0,0.088,895.88,78.84,974.72
791,348,2024-09-02,completed,0.0,0.088,193.95,17.07,211.02
792,348,2023-03-03,completed,8.3,0.08,81.7,5.87,79.27
793,349,2023-12-04,completed,0.0,0.06,32.75,1.96,34.71
794,350,2023-05-31,shipped,13.45,0.08,404.31,31.27,422.13
795,351,2023-04-06,cancelled,0.0,0.06,130.11,7.81,137.92
796,352,2024-07-24,completed,30.19,0.08,51.39,1.7,22.9
797,352,2023-11-14,completed,0.0,0.075,84.27,6.32,90.59
798,352,2023-03-06,completed,0.0,0.095,1522.58,144.65,1667.23
799,352,2023-01-29,completed,0.0,0.08,197.75,15.82,213.57
800,353,2023-04-05,completed,0.0,0.08,130.8,10.46,141.26
801,353,2024-03-08,shipped,0.0,0.06,239.62,14.38,254.0
802,353,2024-01-27,shipped,9.48,0.075,168.15,11.9,170.57
803,354,2024-03-16,completed,0.0,0.06,179.67,10.78,190.45
804,354,2024-03-07,completed,10.82,0.088,16.31,0.48,5.97
805,355,2024-07-23,completed,0.0,0.06,388.64,23.32,411.96
806,356,2023-03-17,shipped,30.52,0.095,434.93,38.42,442.83
807,357,2024-01-16,completed,26.51,0.075,203.4,13.27,190.16
808,357,2023-11-10,completed,0.0,0.095,531.52,50.49,582.01
809,357,2024-10-20,completed,0.0,0.088,167.93,14.78,182.71
810,358,2024-09-30,completed,0.0,0.08,165.73,13.26,178.99
811,359,2023-12-18,completed,7.02,0.08,13.8,0.54,7.32
812,359,2023-11-13,completed,0.0,0.095,201.54,19.15,220.69
813,360,2024-01-21,shipped,6.41,0.08,15.11,0.7,9.4
814,360,2024-07-02,shipped,0.0,0.075,65.19,4.89,70.08
815,361,2023-02-28,completed,0.0,0.095,25.82,2.45,28.27
816,361,2023-07-14,completed,0.0,0.075,17.01,1.28,18.29
817,362,2023-08-28,shipped,0.0,0.088,777.31,68.4,845.71
818,362,2023-06-16,completed,0.0,0.08,53.87,4.31,58.18
819,362,2024-08-23,shipped,12.88,0.06,250.83,14.28,252.23
820,363,2023-05-07,completed,28.91,0.08,114.0,6.81,91.9
821,364,2023-07-07,completed,0.0,0.088,16.25,1.43,17.68
822,364,2024-11-24,completed,0.0,0.08,145.98,11.68,157.66
823,365,2023-05-13,completed,11.09,0.075,12.73,0.12,1.76
824,365,2024-07-10,completed,0.0,0.088,102.45,9.02,111.47
825,366,2023-07-23,completed,0.0,0.08,249.0,19.92,268.92
826,367,2024-02-24,shipped,0.0,0.095,219.2,20.82,240.02
827,368,2024-04-24,completed,20.48,0.075,224.41,15.29,219.22
828,368,2024-02-11,completed,0.0,0.06,153.14,9.19,162.33
829,368,2024-08-10,completed,0.0,0.095,185.97,17.67,203.64
830,368,2024-08-20,completed,0.0,0.08,133.61,10.69,144.3
831,369,2023-03-15,completed,0.0,0.095,22.0,2.09,24.09
832,369,2024-01-16,shipped,0.0,0.095,590.14,56.06,646.2
833,369,2024-02-14,processing,6.61,0.095,234.21,21.62,249.22
834,370,2024-08-06,shipped,0.0,0.06,646.22,38.77,684.99
835,371,2023-11-09,completed,23.48,0.095,16.84,0.0,0.0
836,371,2024-09-14,cancelled,0.0,0.08,350.89,28.07,378.96
837,371,2023-10-09,shipped,0.0,0.06,349.4,20.96,370.36
838,371,2024-11-13,shipped,0.0,0.06,17.29,1.04,18.33
839,371,2024-04-15,shipped,0.0,0.095,133.32,12.67,145.99
840,372,2023-10-16,completed,13.27,0.095,54.96,3.96,45.65
841,373,2024-06-20,completed,0.0,0.095,337.27,32.04,369.31
842,373,2024-11-05,processing,16.42,0.088,143.76,11.21,138.55
843,373,2023-01-21,shipped,0.0,0.088,272.66,23.99,296.65
844,374,2023-01-03,cancelled,34.06,0.06,147.45,6.8,120.19
845,375,2024-06-14,shipped,0.0,0.075,70.16,5.26,75.42
846,376,2023-06-07,completed,0.0,0.06,361.83,21.71,383.54
847,376,2024-04-22,processing,27.34,0.06,154.86,7.65,135.17
848,376,2024-07-29,completed,0.0,0.08,1117.99,89.44,1207.43
849,377,2024-08-06,shipped,0.0,0.088,36.0,3.17,39.17
850,377,2024-11-18,completed,6.13,0.08,518.87,41.02,553.76
851,378,2023-09-11,completed,34.87,0.088,89.65,4.82,59.6
852,378,2023-05-09,processing,12.31,0.08,135.22,9.83,132.74
853,379,2024-11-10,shipped,18.89,0.095,845.27,78.51,904.89
854,379,2023-03-23,completed,8.43,0.088,276.33,23.58,291.48
855,379,2023-03-13,completed,0.0,0.088,128.43,11.3,139.73
856,379,2024-02-04,completed,23.16,0.075,71.77,3.65,52.26
857,380,2024-03-06,shipped,26.16,0.08,251.2,18.0,243.04
858,380,2023-09-15,shipped,0.0,0.06,339.78,20.39,360.17
859,381,2023-12-22,completed,0.0,0.088,38.82,3.42,42.24
860,381,2023-10-21,completed,0.0,0.075,140.81,10.56,151.37
861,381,2023-08-01,shipped,0.0,0.095,251.88,23.93,275.81
862,382,2023-11-28,completed,20.76,0.088,294.79,24.11,298.14
863,383,2024-09-10,completed,0.0,0.075,116.82,8.76,125.58
864,383,2023-06-11,processing,0.0,0.06,169.98,10.2,180.18
865,383,2023-02-22,completed,0.0,0.06,22.0,1.32,23.32
866,384,2023-04-16,processing,0.0,0.08,1023.4,81.87,1105.27
867,384,2024-05-10,shipped,34.85,0.06,942.78,54.48,962.41
868,385,2024-11-03,completed,0.0,0.075,408.46,30.63,439.09
869,386,2023-11-09,completed,0.0,0.08,783.77,62.7,846.47
870,386,2023-07-21,shipped,0.0,0.088,18.28,1.61,19.89
871,387,2023-11-25,completed,0.0,0.088,20.6,1.81,22.41
872,387,2024-01-26,completed,0.0,0.075,293.98,22.05,316.03
873,387,2023-03-19,completed,10.29,0.08,50.61,3.23,43.55
874,387,2024-11-18,completed,11.7,0.075,1268.72,94.28,1351.3
875,388,2023-09-08,completed,0.0,0.08,78.84,6.31,85.15
876,388,2024-06-03,completed,0.0,0.095,354.39,33.67,388.06
877,388,2023-08-14,shipped,5.83,0.08,122.17,9.31,125.65
878,388,2023-07-28,shipped,0.0,0.06,187.87,11.27,199.14
879,388,2023-05-25,completed,9.15,0.095,431.05,40.08,461.98
880,388,2024-07-31,processing,0.0,0.08,13.68,1.09,14.77
881,389,2024-06-20,cancelled,0.0,0.06,47.24,2.83,50.07
882,390,2024-03-14,completed,28.94,0.075,902.4,65.51,938.97
883,391,2023-06-19,completed,5.28,0.075,396.91,29.37,421.0
884,391,2024-07-29,completed,10.08,0.075,49.24,2.94,42.1
885,391,2024-05-25,processing,6.38,0.095,666.53,62.71,722.86
886,391,2024-03-24,completed,0.0,0.075,623.97,46.8,670.77
887,392,2023-01-15,completed,24.67,0.075,362.69,25.35,363.37
888,392,2023-06-09,completed,9.43,0.088,371.0,31.82,393.39
889,393,2023-11-27,completed,0.0,0.075,185.79,13.93,199.72
890,394,2024-09-27,completed,0.0,0.075,188.31,14.12,202.43
891,394,2024-01-05,completed,0.0,0.08,182.74,14.62,197.36
892,394,2023-10-23,completed,0.0,0.088,453.26,39.89,493.15
893,395,2023-04-21,shipped,12.22,0.075,264.4,18.91,271.09
894,395,2023-04-07,completed,0.0,0.075,405.01,30.38,435.39
895,396,2024-05-31,cancelled,0.0,0.08,54.34,4.35,58.69
896,397,2023-09-11,completed,0.0,0.075,1295.5,97.16,1392.66
897,397,2023-04-05,shipped,0.0,0.08,1603.2,128.26,1731.46
898,397,2024-04-20,completed,16.34,0.075,100.76,6.33,90.75
899,398,2024-03-28,shipped,33.9,0.06,454.28,25.22,445.6
900,398,2024-11-16,completed,22.42,0.08,192.61,13.62,183.81
901,399,2023-09-08,completed,0.0,0.095,326.96,31.06,358.02
902,399,2024-01-24,completed,0.0,0.06,94.04,5.64,99.68
903,399,2024-11-18,shipped,30.72,0.095,691.51,62.78,723.57
904,399,2024-11-10,completed,0.0,0.088,426.75,37.55,464.3
905,400,2024-11-24,shipped,27.32,0.06,70.3,2.58,45.56
906,401,2023-12-28,completed,31.35,0.095,88.95,5.47,63.07
907,401,2023-03-15,completed,8.5,0.095,131.46,11.68,134.64
908,401,2023-05-25,completed,0.0,0.06,45.92,2.76,48.68
909,401,2023-07-13,cancelled,31.3,0.06,31.42,0.01,0.13
910,401,2023-05-02,completed,0.0,0.075,185.98,13.95,199.93
911,401,2024-07-12,shipped,0.0,0.06,154.45,9.27,163.72
912,402,2024-08-02,completed,0.0,0.075,226.68,17.0,243.68
913,402,2024-05-16,completed,0.0,0.08,14.99,1.2,16.19
914,403,2023-09-13,completed,22.11,0.06,119.13,5.82,102.84
915,404,2024-06-02,completed,0.0,0.088,419.77,36.94,456.71
916,404,2024-08-03,processing,0.0,0.075,720.6,54.05,774.65
917,404,2023-01-17,completed,0.0,0.075,159.26,11.94,171.2
918,404,2023-10-24,completed,0.0,0.06,36.46,2.19,38.65
919,405,2024-04-02,completed,0.0,0.075,218.83,16.41,235.24
920,405,2023-05-02,completed,0.0,0.06,158.4,9.5,167.9
921,405,2024-04-25,completed,0.0,0.095,75.7,7.19,82.89
922,406,2024-04-23,completed,0.0,0.06,158.4,9.5,167.9
923,406,2023-05-04,completed,0.0,0.095,1085.85,103.16,1189.01
924,406,2023-01-16,completed,0.0,0.088,362.44,31.89,394.33
925,407,2023-07-08,completed,34.0,0.095,55.24,2.02,23.26
926,407,2023-01-02,completed,0.0,0.06,116.16,6.97,123.13
927,407,2023-12-28,completed,0.0,0.075,219.46,16.46,235.92
928,407,2023-02-21,completed,8.95,0.088,181.43,15.18,187.66
929,408,2023-06-10,completed,0.0,0.06,55.13,3.31,58.44
930,409,2023-06-23,completed,0.0,0.075,457.61,34.32,491.93
931,410,2023-03-14,completed,0.0,0.075,15.93,1.19,17.12
932,411,2024-08-09,cancelled,0.0,0.075,1066.6,79.99,1146.59
933,412,2024-04-28,completed,0.0,0.06,177.34,10.64,187.98
934,412,2023-07-05,shipped,0.0,0.088,121.71,10.71,132.42
935,413,2024-07-25,shipped,0.0,0.088,354.12,31.16,385.28
936,413,2024-10-16,completed,0.0,0.075,62.3,4.67,66.97
937,413,2023-12-24,completed,0.0,0.06,697.06,41.82,738.88
938,413,2023-01-05,completed,22.12,0.08,196.21,13.93,188.02
939,413,2024-08-17,completed,0.0,0.088,896.37,78.88,975.25
940,414,2024-04-08,completed,0.0,0.095,164.33,15.61,179.94
941,414,2024-07-02,cancelled,0.0,0.08,95.41,7.63,103.04
942,414,2024-11-11,completed,0.0,0.075,190.32,14.27,204.59
943,415,2024-03-08,completed,26.84,0.088,46.48,1.73,21.37
944,415,2023-04-01,completed,23.33,0.075,91.9,5.14,73.71
945,415,2023-06-01,completed,0.0,0.06,13.45,0.81,14.26
946,415,2023-03-16,shipped,0.0,0.08,236.81,18.94,255.75
947,416,2023-02-06,completed,0.0,0.08,207.24,16.58,223.82
948,416,2023-07-21,shipped,0.0,0.06,284.87,17.09,301.96
949,416,2024-10-09,shipped,5.97,0.06,1098.23,65.54,1157.8
950,416,2023-08-30,completed,0.0,0.075,993.12,74.48,1067.6
951,416,2024-04-10,shipped,0.0,0.08,54.21,4.34,58.55
952,416,2023-10-11,completed,0.0,0.08,147.83,11.83,159.66
953,416,2024-02-01,completed,0.0,0.08,83.03,6.64,89.67
954,417,2023-11-25,processing,19.7,0.08,155.18,10.84,146.32
955,417,2024-07-27,completed,0.0,0.075,245.66,18.42,264.08
956,418,2023-03-01,completed,0.0,0.095,45.7,4.34,50.04
957,418,2023-10-26,shipped,0.0,0.06,98.98,5.94,104.92
958,418,2023-06-28,cancelled,0.0,0.095,603.49,57.33,660.82
959,419,2023-05-09,completed,15.71,0.075,75.26,4.47,64.02
960,419,2024-02-11,shipped,0.0,0.095,224.66,21.34,246.0
961,419,2024-05-14,processing,0.0,0.075,654.76,49.11,703.87
962,419,2023-11-12,completed,0.0,0.088,208.95,18.39,227.34
963,420,2023-11-25,completed,0.0,0.06,178.14,10.69,188.83
964,420,2024-03-07,completed,6.06,0.08,28.67,1.81,24.42
965,420,2024-04-09,shipped,0.0,0.075,452.65,33.95,486.6
966,420,2023-10-01,completed,0.0,0.088,12.89,1.13,14.02
967,421,2023-05-17,completed,0.0,0.08,340.63,27.25,367.88
968,421,2023-09-18,shipped,32.86,0.095,282.1,23.68,272.92
969,421,2024-10-25,completed,28.88,0.095,63.12,3.25,37.49
970,421,2024-10-16,completed,0.0,0.088,261.14,22.98,284.12
971,422,2024-08-13,completed,0.0,0.08,62.51,5.0,67.51
972,422,2023-02-23,shipped,15.48,0.088,46.24,2.71,33.47
973,423,2023-08-15,cancelled,0.0,0.095,43.59,4.14,47.73
974,424,2023-02-16,shipped,0.0,0.08,195.36,15.63,210.99
975,424,2024-11-20,completed,0.0,0.075,144.76,10.86,155.62
976,425,2023-09-20,shipped,0.0,0.06,763.26,45.8,809.06
977,425,2023-02-17,completed,0.0,0.075,260.68,19.55,280.23
978,426,2024-08-14,completed,0.0,0.088,261.65,23.03,284.68
979,426,2023-11-19,shipped,31.19,0.06,79.77,2.91,51.49
980,427,2023-08-22,completed,24.14,0.08,13.63,0.0,0.0
981,427,2023-10-21,completed,25.66,0.088,193.58,14.78,182.7
982,427,2024-03-11,shipped,0.0,0.095,659.31,62.63,721.94
983,427,2024-09-10,completed,0.0,0.08,297.44,23.8,321.24
984,428,2024-02-01,completed,0.0,0.075,206.07,15.46,221.53
985,428,2024-10-23,completed,0.0,0.095,249.89,23.74,273.63
986,429,2023-03-27,processing,6.55,0.088,65.57,5.19,64.21
987,429,2023-08-14,completed,0.0,0.088,10.25,0.9,11.15
988,430,2023-06-26,completed,26.17,0.075,301.68,20.66,296.17
989,430,2023-09-13,shipped,10.2,0.088,715.07,62.03,766.9
990,430,2023-12-30,completed,0.0,0.075,728.76,54.66,783.42
991,430,2023-10-21,completed,0.0,0.06,287.96,17.28,305.24
992,431,2023-02-16,shipped,0.0,0.088,175.05,15.4,190.45
993,431,2024-01-13,completed,0.0,0.095,142.83,13.57,156.4
994,431,2023-02-27,completed,26.73,0.08,110.51,6.7,90.48
995,432,2023-11-15,completed,5.54,0.088,702.09,61.3,757.85
996,433,2023-12-08,completed,0.0,0.095,242.76,23.06,265.82
997,433,2023-08-12,processing,0.0,0.075,167.72,12.58,180.3
998,434,2024-05-01,shipped,0.0,0.088,395.28,34.78,430.06
999,434,2023-07-18,completed,0.0,0.06,12.92,0.78,13.7
1000,435,2024-02-19,completed,0.0,0.08,461.0,36.88,497.88
1001,435,2024-03-26,completed,14.43,0.075,973.19,71.91,1030.67
1002,436,2024-06-07,processing,30.14,0.08,135.64,8.44,113.94
1003,436,2024-08-19,completed,0.0,0.075,496.38,37.23,533.61
1004,437,2023-09-12,completed,0.0,0.088,877.0,77.18,954.18
1005,437,2023-11-04,shipped,0.0,0.075,12.82,0.96,13.78
1006,437,2023-03-11,completed,0.0,0.088,139.58,12.28,151.86
1007,438,2023-08-21,completed,21.68,0.088,376.19,31.2,385.71
1008,438,2023-09-08,shipped,33.62,0.075,291.64,19.35,277.37
1009,438,2024-07-13,completed,0.0,0.08,395.46,31.64,427.1
1010,439,2023-01-06,shipped,0.0,0.06,93.78,5.63,99.41
1011,440,2024-05-01,completed,31.05,0.088,1667.14,143.98,1780.07
1012,441,2024-05-29,completed,0.0,0.095,277.52,26.36,303.88
1013,441,2023-07-09,completed,24.94,0.095,789.07,72.59,836.72
1014,441,2024-02-11,shipped,0.0,0.06,186.83,11.21,198.04
1015,441,2023-06-26,completed,22.59,0.08,176.42,12.31,166.14
1016,441,2023-02-17,completed,31.32,0.075,340.4,23.18,332.26
1017,441,2023-05-20,processing,0.0,0.06,214.7,12.88,227.58
1018,442,2024-06-16,completed,10.38,0.088,112.06,8.95,110.63
1019,442,2023-05-24,completed,0.0,0.06,150.06,9.0,159.06
1020,443,2023-08-27,cancelled,0.0,0.075,193.43,14.51,207.94
1021,444,2023-03-12,cancelled,0.0,0.075,92.96,6.97,99.93
1022,445,2023-06-12,completed,34.77,0.06,878.97,50.65,894.85
1023,445,2024-06-21,completed,0.0,0.06,22.72,1.36,24.08
1024,446,2023-01-25,shipped,0.0,0.08,157.84,12.63,170.47
1025,446,2023-04-19,completed,12.77,0.095,222.8,19.95,229.98
1026,447,2023-02-06,shipped,13.4,0.08,160.44,11.76,158.8
1027,448,2023-02-28,completed,0.0,0.095,86.84,8.25,95.09
1028,449,2024-05-04,processing,0.0,0.06,50.15,3.01,53.16
1029,449,2023-11-27,completed,0.0,0.075,537.59,40.32,577.91
1030,449,2024-10-13,completed,0.0,0.088,81.73,7.19,88.92
1031,449,2024-06-10,shipped,0.0,0.095,68.54,6.51,75.05
1032,450,2023-09-08,completed,18.31,0.08,470.12,36.14,487.95
1033,450,2023-10-18,cancelled,0.0,0.095,822.52,78.14,900.66
1034,450,2024-03-03,completed,0.0,0.088,114.15,10.05,124.2
1035,451,2023-01-22,processing,0.0,0.095,112.53,10.69,123.22
1036,452,2023-10-13,shipped,0.0,0.08,194.45,15.56,210.01
1037,452,2024-06-30,completed,0.0,0.075,237.88,17.84,255.72
1038,452,2024-01-21,completed,0.0,0.06,66.91,4.01,70.92
1039,453,2023-02-24,processing,0.0,0.06,230.85,13.85,244.7
1040,453,2023-08-02,shipped,0.0,0.06,72.05,4.32,76.37
1041,453,2023-04-27,cancelled,0.0,0.06,627.59,37.66,665.25
1042,454,2024-10-20,completed,0.0,0.075,288.25,21.62,309.87
1043,454,2023-06-24,completed,5.38,0.06,2277.51,136.33,2408.46
1044,454,2024-11-24,completed,0.0,0.088,245.64,21.62,267.26
1045,454,2024-04-08,completed,0.0,0.088,1128.0,99.26,1227.26
1046,455,2023-11-13,completed,26.07,0.075,98.53,5.43,77.89
1047,455,2023-02-07,completed,0.0,0.075,63.4,4.75,68.15
1048,455,2024-06-08,completed,0.0,0.075,115.01,8.63,123.64
1049,455,2023-07-29,processing,0.0,0.06,875.84,52.55,928.39
1050,456,2024-03-16,completed,0.0,0.088,90.56,7.97,98.53
1051,456,2023-04-04,cancelled,0.0,0.08,66.95,5.36,72.31
1052,456,2023-10-21,processing,9.07,0.075,489.87,36.06,516.86
1053,456,2024-10-16,shipped,0.0,0.075,97.3,7.3,104.6
1054,456,2023-02-23,shipped,0.0,0.06,400.68,24.04,424.72
1055,456,2024-03-23,completed,0.0,0.08,672.89,53.83,726.72
1056,456,2023-08-27,processing,0.0,0.08,38.63,3.09,41.72
1057,457,2023-04-10,completed,0.0,0.095,480.44,45.64,526.08
1058,457,2023-08-12,processing,0.0,0.075,15.54,1.17,16.71
1059,457,2023-11-17,completed,6.76,0.08,197.13,15.23,205.6
1060,458,2023-09-16,completed,0.0,0.08,904.59,72.37,976.96
1061,458,2023-12-14,completed,0.0,0.088,186.13,16.38,202.51
1062,458,2023-12-03,completed,0.0,0.095,1606.41,152.61,1759.02
1063,458,2023-11-03,completed,0.0,0.06,237.0,14.22,251.22
1064,459,2024-03-09,completed,0.0,0.095,90.96,8.64,99.6
1065,460,2024-03-13,shipped,0.0,0.088,559.35,49.22,608.57
1066,460,2024-08-11,completed,0.0,0.075,331.02,24.83,355.85
1067,460,2023-08-15,completed,0.0,0.08,23.96,1.92,25.88
1068,460,2023-04-11,completed,0.0,0.088,594.31,52.3,646.61
1069,461,2023-05-28,completed,0.0,0.088,149.74,13.18,162.92
1070,461,2024-10-03,shipped,0.0,0.08,99.11,7.93,107.04
1071,461,2023-04-05,completed,0.0,0.075,473.28,35.5,508.78
1072,461,2023-09-08,completed,0.0,0.06,113.03,6.78,119.81
1073,462,2023-05-11,completed,28.32,0.06,326.66,17.9,316.24
1074,462,2023-12-03,completed,28.96,0.08,79.95,4.08,55.07
1075,462,2023-07-18,completed,0.0,0.08,45.78,3.66,49.44
1076,463,2024-11-02,completed,24.29,0.088,393.34,32.48,401.53
1077,463,2023-09-09,shipped,0.0,0.08,817.05,65.36,882.41
1078,463,2023-03-03,completed,0.0,0.08,151.0,12.08,163.08
1079,463,2024-01-05,completed,0.0,0.075,321.09,24.08,345.17
1080,463,2023-12-18,completed,0.0,0.088,70.52,6.21,76.73
1081,464,2024-02-09,completed,18.59,0.088,280.94,23.09,285.44
1082,465,2023-06-18,completed,14.81,0.095,64.15,4.69,54.03
1083,465,2024-04-08,completed,21.67,0.08,214.04,15.39,207.76
1084,465,2024-11-14,completed,0.0,0.06,637.65,38.26,675.91
1085,466,2023-07-26,completed,31.55,0.08,74.62,3.45,46.52
1086,466,2024-06-17,cancelled,17.73,0.08,352.33,26.77,361.37
1087,466,2024-06-16,completed,0.0,0.06,267.85,16.07,283.92
1088,467,2023-10-06,completed,0.0,0.06,57.22,3.43,60.65
1089,467,2023-01-18,shipped,0.0,0.095,335.66,31.89,367.55
1090,468,2024-06-21,completed,5.45,0.08,98.87,7.47,100.89
1091,469,2023-03-05,completed,0.0,0.088,115.76,10.19,125.95
1092,469,2024-07-08,completed,0.0,0.095,240.04,22.8,262.84
1093,469,2023-06-14,cancelled,31.87,0.088,467.02,38.29,473.44
1094,470,2023-03-08,completed,0.0,0.088,12.63,1.11,13.74
1095,470,2024-02-26,completed,11.05,0.075,1174.2,87.24,1250.39
1096,470,2023-08-31,completed,0.0,0.095,335.93,31.91,367.84
1097,470,2023-08-19,completed,0.0,0.06,21.35,1.28,22.63
1098,470,2024-02-24,completed,11.52,0.075,80.01,5.14,73.63
1099,470,2023-09-17,completed,0.0,0.06,71.14,4.27,75.41
1100,470,2023-07-18,completed,0.0,0.08,394.93,31.59,426.52
1101,470,2024-01-03,completed,0.0,0.088,501.94,44.17,546.11
1102,471,2023-10-21,completed,0.0,0.08,54.51,4.36,58.87
1103,472,2024-11-08,shipped,16.93,0.06,461.99,26.7,471.76
1104,473,2024-05-26,completed,0.0,0.095,12.55,1.19,13.74
1105,473,2023-11-05,completed,0.0,0.088,597.08,52.54,649.62
1106,473,2024-06-14,completed,8.72,0.075,13.24,0.34,4.86
1107,473,2024-02-14,completed,0.0,0.06,228.67,13.72,242.39
1108,473,2024-06-29,shipped,0.0,0.08,535.97,42.88,578.85
1109,474,2023-07-06,shipped,0.0,0.088,1025.33,90.23,1115.56
1110,474,2023-11-02,completed,25.0,0.088,285.91,22.96,283.87
1111,474,2023-02-20,processing,0.0,0.088,120.79,10.63,131.42
1112,474,2023-03-05,completed,27.54,0.075,660.38,47.46,680.3
1113,475,2023-11-21,completed,0.0,0.08,66.24,5.3,71.54
1114,475,2023-12-28,completed,0.0,0.095,27.2,2.58,29.78
1115,476,2024-11-01,shipped,24.32,0.08,64.96,3.25,43.89
1116,476,2023-01-14,completed,0.0,0.095,663.9,63.07,726.97
1117,476,2023-07-03,completed,0.0,0.088,534.49,47.04,581.53
1118,477,2024-06-25,shipped,26.43,0.088,335.56,27.2,336.33
1119,477,2024-08-08,completed,0.0,0.095,826.62,78.53,905.15
1120,478,2023-10-27,completed,0.0,0.088,82.91,7.3,90.21
1121,478,2023-04-09,processing,0.0,0.075,219.86,16.49,236.35
1122,478,2024-06-30,completed,0.0,0.08,52.88,4.23,57.11
1123,479,2024-08-19,completed,22.02,0.06,61.61,2.38,41.97
1124,479,2024-09-15,completed,0.0,0.075,251.5,18.86,270.36
1125,480,2024-05-08,completed,28.58,0.095,142.63,10.83,124.88
1126,481,2023-01-31,completed,0.0,0.095,940.32,89.33,1029.65
1127,481,2024-11-19,completed,0.0,0.088,278.92,24.54,303.46
1128,481,2024-02-04,completed,12.73,0.06,174.56,9.71,171.54
1129,481,2023-06-25,shipped,30.15,0.08,897.18,69.36,936.39
1130,481,2024-01-05,processing,27.26,0.075,9.45,0.0,0.0
1131,481,2023-03-04,completed,20.86,0.095,528.39,48.22,555.75
1132,482,2024-08-08,completed,0.0,0.095,160.5,15.25,175.75
1133,482,2024-01-12,cancelled,5.17,0.06,166.65,9.69,171.17
1134,483,2024-07-29,completed,0.0,0.095,195.48,18.57,214.05
1135,484,2023-12-24,cancelled,0.0,0.095,113.39,10.77,124.16
1136,484,2024-02-21,completed,0.0,0.06,371.73,22.3,394.03
1137,485,2024-11-19,completed,0.0,0.095,806.29,76.6,882.89
1138,485,2023-11-16,completed,0.0,0.06,548.65,32.92,581.57
1139,485,2024-07-18,processing,0.0,0.088,337.84,29.73,367.57
1140,486,2023-10-11,completed,33.86,0.06,5.57,0.0,0.0
1141,487,2023-08-18,completed,13.75,0.075,216.04,15.17,217.46
1142,487,2023-08-20,completed,0.0,0.075,96.33,7.22,103.55
1143,488,2023-08-10,completed,0.0,0.095,370.34,35.18,405.52
1144,488,2023-11-05,completed,0.0,0.06,465.22,27.91,493.13
1145,489,2023-03-29,shipped,0.0,0.095,49.8,4.73,54.53
1146,489,2023-01-11,shipped,0.0,0.088,80.68,7.1,87.78
1147,490,2023-06-24,completed,11.83,0.088,344.72,29.29,362.18
1148,490,2023-10-07,cancelled,29.27,0.06,162.73,8.01,141.47
1149,491,2024-09-08,completed,27.7,0.075,1146.33,83.9,1202.53
1150,491,2023-05-30,completed,0.0,0.075,787.44,59.06,846.5
1151,491,2024-05-14,shipped,0.0,0.08,110.24,8.82,119.06
1152,491,2023-01-25,completed,0.0,0.075,237.88,17.84,255.72
1153,492,2024-08-08,completed,0.0,0.075,630.9,47.32,678.22
1154,493,2023-09-09,completed,0.0,0.06,923.54,55.41,978.95
1155,494,2024-10-14,completed,0.0,0.095,1836.93,174.51,2011.44
1156,495,2024-02-22,completed,0.0,0.095,329.37,31.29,360.66
1157,495,2023-07-25,completed,5.2,0.088,612.88,53.48,661.16
1158,495,2024-02-08,completed,0.0,0.095,298.0,28.31,326.31
1159,495,2024-07-15,processing,0.0,0.08,773.66,61.89,835.55
1160,496,2024-10-17,completed,0.0,0.06,15.92,0.96,16.88
1161,496,2024-02-01,completed,0.0,0.06,35.26,2.12,37.38
1162,496,2024-02-26,shipped,0.0,0.08,77.8,6.22,84.02
1163,497,2024-01-30,completed,27.91,0.088,262.12,20.61,254.82
1164,497,2023-08-03,completed,27.04,0.088,394.64,32.35,399.95
1165,497,2024-08-10,shipped,27.33,0.08,128.62,8.1,109.39
1166,497,2024-08-27,completed,0.0,0.095,194.98,18.52,213.5
1167,498,2023-05-02,shipped,0.0,0.08,1581.88,126.55,1708.43
1168,498,2023-08-27,completed,0.0,0.088,67.95,5.98,73.93
1169,499,2023-07-02,shipped,0.0,0.08,577.92,46.23,624.15
1170,499,2023-04-08,completed,34.19,0.06,11.5,0.0,0.0
1171,500,2023-11-09,completed,0.0,0.075,51.01,3.83,54.84
